key,0,1,2,3,4,5,6,7,8,9,10,11,12,13,14,15,16,17,18,19,20,21,22,23,24
#,GatheringLevel,BigFish{OnReach},BigFish{OnEnd},FishingSpotCategory,Rare,TerritoryType,PlaceName{Main},PlaceName{Sub},X,Z,Radius,,Item[0],Item[1],Item[2],Item[3],Item[4],Item[5],Item[6],Item[7],Item[8],Item[9],PlaceName,Order,
int32,byte,str,str,str,byte,TerritoryType,PlaceName,PlaceName,uint16,int16,int16,uint16,Item,Item,Item,Item,Item,Item,Item,Item,Item,Item,PlaceName,uint16,uint16
0,0,"","","",0,,"","",0,0,0,0,"","","","","","","","","","","",950,0
1,15,"リーチ状態になった！（翻訳不要）","リーチ状態が終了した！（翻訳不要）","",1,,"","",0,0,0,0,"","マルムケルプ","メルトールゴビー","ロミンサンアンチョビ","コーラルバタフライ","モラビーフロウンダー","メイデンカープ","","","","",0,0
2,5,"","","",2,,"","",0,1094,1058,400,"ファイアシャード","ザリガニ","ゼブラゴビー","ピピラ","スナモグリ","ブラスローチ","メイデンカープ","マッカチン","カイラージョン","","",951,46
3,15,"","","",2,,"","",0,1276,1398,400,"ファイアシャード","ホネザリガニ","ピピラ","スナモグリ","ブラスローチ","メイデンカープ","堀ブナ","カラードカープ","人面魚","","",952,47
4,30,"","","",2,,"","",0,730,1156,400,"ウィンドシャード","ブラックイール","グラディエーターベタ","モンケオンケ","ミトンクラブ","スポテッドプレコ","アロワナ","レヴィンライト","","","",101,48
5,35,"","","",2,,"","",0,690,1011,400,"ファイアシャード","マッドクラブ","ブラックイール","ブラックゴースト","グラディエーターベタ","マッドスキッパー","クラウンローチ","シーマ","グリーンジェスター","","",104,49
6,15,"","","",2,,"エオルゼア地下空間","",0,401,1094,400,"ファイアシャード","ホネザリガニ","ゼブラゴビー","ピピラ","メイデンカープ","リバークラブ","ダークスリーパー","マッカチン","ダークアンブッシャー","","",155,51
7,25,"","","",2,,"エオルゼア地下空間","",0,973,1025,400,"ファイアシャード","レインボートラウト","リバークラブ","銅魚","ブラックイール","クライミングパーチ","ユグラムサーモン","スポテッドプレコ","タキノボリ","シルフズベーン","",953,54
8,15,"","","",2,,"エオルゼア地下空間","",0,1150,1214,400,"ファイアシャード","ブラスローチ","メイデンカープ","レインボートラウト","リバークラブ","グラディエーターベタ","ブルーサーモン","マッカチン","モルバ","","",954,52
9,45,"","","",2,,"エオルゼア地下空間","",0,1250,986,600,"ファイアシャード","ジャイアントバス","ベロジナカープ","オークルート","スカルピン","サウザンパイク","マッシュルームクラブ","マジック・マッシュルームクラブ","","","",955,55
10,20,"","","",2,,"エオルゼア地下空間","",0,833,798,400,"ファイアシャード","ホネザリガニ","リバークラブ","エーコンスネイル","堀ブナ","カラードカープ","ドブガイ","ダークバス","ターミネーター","","",112,53
11,20,"","","",2,,"モルディオン監獄","",0,850,900,400,"ファイアシャード","レインボートラウト","リバークラブ","グラディエーターベタ","フェアリーバス","ダークスリーパー","マッカチン","ブラックイール","ベロジナカープ","ビッグバイパー","",956,56
12,30,"","","",2,"","モルディオン監獄","",0,947,1076,200,"ギル","レインボートラウト","ダークスリーパー","ファイブイルムプレコ","ユグラムサーモン","ミトンクラブ","シーマ","アーマードプレコ","ベロジナカープ","シンカー","",957,59
13,25,"","","",2,,"モルディオン監獄","",0,867,1190,400,"ウィンドシャード","レインボートラウト","グラディエーターベタ","フェアリーバス","マッドクラブ","マッカチン","ブラックイール","クライミングパーチ","ユグラムサーモン","ベロジナカープ",,958,57
14,25,"","","",2,,"モルディオン監獄","",0,1142,1067,400,"ウィンドシャード","レインボートラウト","フェアリーバス","ダークスリーパー","銅魚","マッドクラブ","マッカチン","ブラックイール","ベロジナカープ","グリナー","",959,58
15,30,"","","",2,,"モルディオン監獄","",0,1324,1023,400,"ファイアシャード","グラディエーターベタ","マッドクラブ","ダークバス","ファイブイルムプレコ","ブラックゴースト","ユグラムサーモン","アロワナ","銀魚","ゴブリンパーチ",,960,60
16,35,"","","",2,,"モルディオン監獄","",0,880,1401,400,"アイスシャード","ホネザリガニ","クライミングパーチ","ルートスキッパー","ミトンクラブ","アーマードプレコ","雷神魚","雷皇子","","","",126,61
17,45,"オオタキタロを超える大物の気配を感じる！","大物の気配は消えてしまった……。","オオタキタロを超える大物の気配を再び感じた！",2,,"モルディオン監獄","",0,1576,1147,400,"ファイアシャード","グラディエーターベタ","モンケオンケ","アロワナ","ミトンクラブ","ベロジナカープ","サウザンパイク","ボクシングプレコ","タキタロ","オオタキタロ",,82,62
18,15,"","","",2,,"ザ・フォールド","",0,1268,1204,400,"ウィンドシャード","ブラスローチ","メイデンカープ","レインボートラウト","リバークラブ","ブルーサーモン","カラードカープ","ブルーウィドー","","","",961,63
19,15,"","","",2,,"ザ・フォールド","",0,1000,1182,400,"ファイアシャード","ゼブラゴビー","ブラスローチ","メイデンカープ","レインボートラウト","グラディエーターベタ","フェアリーバス","ダークスリーパー","クロナマズ","ジャッジレイ","",962,64
20,40,"","","",2,,"ザ・フォールド","",0,990,990,400,"ウィンドシャード","ドブガイ","ミトンクラブ","シーマ","ゴールデンローチ","ロイヤルプレコ","オークルート","サウザンパイク","ピラルク","シャドーストリーク","",86,65
21,50,"一帯に君臨する大物の気配を感じる！","大物の気配は消えてしまった……。","一帯に君臨する大物の気配を再び感じた！",2,"","ザ・フォールド","",0,840,940,400,"ギル","マッドクラブ","ドブガイ","アロワナ","銀魚","アサシンベタ","ボクシングプレコ","金魚","ボウフィン","コーネリア","",963,66
22,45,"","","",2,,"西の葉脈","",0,1203,602,400,"ウィンドシャード","ランプマリモ","銀魚","インフェルノスネイル","スラッジスキッパー","アサシンベタ","イルサバードバス","金魚","ヘリオバティス","エーテルラウス","",410,99
23,50,"","","",2,"","西の葉脈","",0,886,833,200,"ファイアシャード","ランプマリモ","銀魚","ジャイアントバス","インフェルノスネイル","ナイフフィッシュ","アサシンベタ","イルサバードバス","金魚","スポテッドガー",,414,102
24,50,"","","",2,,"西の葉脈","",0,670,615,400,"ウィンドシャード","ホネザリガニ","グラディエーターベタ","銀魚","スラッジスキッパー","アサシンベタ","サンダラフィッシュ","イルサバードバス","腐魚","ニンジャベタ","",413,103
25,45,"","","",2,,"西の葉脈","",0,595,528,200,"ファイアシャード","グラディエーターベタ","ダークバス","ミトンクラブ","ジャイアントバス","インフェルノスネイル","ナイフフィッシュ","ボクシングプレコ","モンケオンケ","インフェルノホーン","",966,100
26,35,"","","",2,,"花蜜桟橋","",0,972,1478,400,"ファイアシャード","ゼブラゴビー","メイデンカープ","レインボートラウト","シーマ","ジャイアントバス","クリムゾントラウト","ニメーヤトラウト","ダナフェンズマーク","","",968,90
27,50,"","","",4,,"花蜜桟橋","",0,1633,888,600,"ウィンドシャード","クラウドジェリー","スカイフィッシュ","スプリットクラウド","フライマンタ","リフトセイラー","ソーサーフィッシュ","ラムフォリンクス","マハール","ショニサウルス","",389,98
28,40,"","","",2,,"花蜜桟橋","",0,731,1019,400,"ファイアシャード","ゼブラゴビー","アバラシアスメルト","ジャイアントバス","クリムゾントラウト","ブロンズレイクトラウト","ノーザンパイク","ニメーヤトラウト","煌魚","スターブライト","",969,92
29,45,"水中が深い闇に包まれた！","水中にかすかな光が戻った。","水中が深い闇に再び包まれた！",2,"","花蜜桟橋","",0,1525,325,400,"ファイアシャード","ランプマリモ","アバラシアスメルト","ジャイアントバス","クリムゾントラウト","スカルピン","ノーザンパイク","ハルオーネパイク","ダークスター","","",392,95
30,40,"","","",2,,"花蜜桟橋","",0,1344,796,400,"ファイアシャード","ゼブラゴビー","レインボートラウト","アバラシアスメルト","シーマ","クリムゾントラウト","ニメーヤトラウト","ドーンメイデン","","","",970,93
31,35,"","","",2,,"花蜜桟橋","",0,612,1089,300,"ウィンドシャード","ゼブラゴビー","ブラインフィッシュ","ランプマリモ","アバラシアスメルト","ゴールデンローチ","ケーブヤビー","カローンズランタン","","","",398,91
32,40,"","","",2,,"花蜜桟橋","",0,272,1080,200,"ウィンドシャード","ランプマリモ","アバラシアスメルト","ノーザンパイク","ニメーヤトラウト","メイトリアーク","","","","","",971,94
33,45,"","","",2,,"花蜜桟橋","",0,108,1014,400,"アイスシャード","レインボートラウト","シーマ","クリムゾントラウト","ワンダラースカルピン","ブルーコープス","","","","","",404,96
34,45,"","","",4,,"花蜜桟橋","",0,660,620,600,"ファイアシャード","クラウドジェリー","スカイフィッシュ","スプリットクラウド","フライマンタ","リフトセイラー","アノマロカリス","","","","",972,97
35,1,"","","",1,,"クォーリーミル","",0,668,1120,3000,"ファイアシャード","メルトールゴビー","ロミンサンアンチョビ","マルムケルプ","フィンガーシュリンプ","オーシャンクラウド","ハーバーヘリング","コーラルバタフライ","ブルーオクトパス","メガオクトパス","",29,2
36,1,"","","",1,,"古城アムダプール","",0,930,1032,3000,"ファイアシャード","メルトールゴビー","ロミンサンアンチョビ","マルムケルプ","フィンガーシュリンプ","オーシャンクラウド","ハーバーヘリング","コーラルバタフライ","ブルーオクトパス","ゴールデンフィン","",28,1
37,1,"","","",1,,"","",0,884,1049,600,"ギル","メルトールゴビー","ロミンサンアンチョビ","フィンガーシュリンプ","オーシャンクラウド","シーキューカンバー","ハーバーヘリング","コーラルバタフライ","エンジェルフィッシュ","ブルーオクトパス",,973,3
38,5,"","","",1,,"","",0,682,734,600,"ギル","メルトールゴビー","フィンガーシュリンプ","白珊瑚","オーシャンクラウド","ハーバーヘリング","ボンゴラ","ブルーオクトパス","オーガバラクーダ","シルバーシャーク",,974,6
39,1,"","","",2,,"","",0,1054,1058,400,"アイスシャード","ザリガニ","チャブ","ウナリナマズ","プリンセストラウト","ラノシアンパーチ","トリックスター","","","","",182,4
40,1,"","","",2,,"","",0,960,850,400,"ウィンドシャード","ザリガニ","チャブ","ウナリナマズ","プリンセストラウト","スナモグリ","ラノシアンパーチ","スナガクレ","","","",975,5
41,5,"","","",2,,"","",0,861,693,400,"アイスシャード","チャブ","ウナリナマズ","プリンセストラウト","ダスキーゴビー","スナモグリ","メイデンカープ","ラノシアンパーチ","ハイパーチ","","",193,7
42,15,"","","",2,"","","",0,989,558,200,"ファイアシャード","ウナリナマズ","ダスキーゴビー","リバークラブ","ラノシアンパーチ","銅魚","マッカチン","グラスパーチ","クリスタルパーチ","","",192,8
43,1,"","","",2,,"黄蛇門","",0,1188,1100,400,"ファイアシャード","ザリガニ","チャブ","ウナリナマズ","プリンセストラウト","ダスキーゴビー","スナモグリ","メイデンカープ","オオゴエナマズ","","",197,9
44,5,"","","",1,,"黄蛇門","",0,1294,1248,600,"アイスシャード","メルトールゴビー","マルムケルプ","オーシャンクラウド","シーキューカンバー","ボンゴラ","モラビーフロウンダー","ストーンクラブ","ブルーオクトパス","オシュオンプリント","",976,10
45,10,"","","",1,,"黄蛇門","",0,1712,850,600,"ファイアシャード","メルトールゴビー","オーシャンクラウド","ハーバーヘリング","モラビーフロウンダー","ストーンクラブ","タイガーコッド","ブルーオクトパス","リーフィーシードラゴン","シルドラ","",977,11
46,15,"","","",1,,"黄蛇門","",0,1270,1672,600,"アイスシャード","オーシャンクラウド","ハーバーヘリング","モラビーフロウンダー","ストーンクラブ","タイガーコッド","ロズリトオイスター","リムレーンズダガー","ブルーオクトパス","ザ・リッパー","",337,14
47,10,"","","",1,,"黄蛇門","",0,1174,1934,600,"アイスシャード","シーキューカンバー","ボンゴラ","モラビーフロウンダー","ストーンクラブ","タイガーコッド","ロズリトオイスター","マヒマヒ","シルバーソブリン","","",341,12
48,20,"","","",1,"","黄蛇門","",0,818,1752,600,"ギル","シーキューカンバー","ストーンクラブ","ヘルメットクラブ","ジャックナイフ","ブローフィッシュ","シーホース","ブラックソール","タイニーアダマンタス","メテオサバイバー","",338,16
49,10,"","","",1,,"黄蛇門","",0,980,1900,400,"ギル","ロミンサンアンチョビ","ボンゴラ","モラビーフロウンダー","ストーンクラブ","タイガーコッド","ロズリトオイスター","シャル貝","サーベルタイガーコッド","","",339,13
50,15,"","","",2,,"黄蛇門","",0,1049,1699,400,"ファイアシャード","ダスキーゴビー","ベニザリガニ","フェアリーバス","エーコンスネイル","堀ブナ","銅魚","マッカチン","グリップキリフィッシュ","フェアリークィーン","",340,15
51,25,"","","",1,,"エ・タッタ監視哨","",0,1595,1672,600,"ファイアシャード","メルトールゴビー","コーラルバタフライ","ブルーオクトパス","青珊瑚","シーホース","ビアナックブリーム","フルムーンサーディン","シルバーシャーク","オオシャル貝",,978,18
52,30,"","","",1,,"エ・タッタ監視哨","",0,1593,1414,800,"ウィンドシャード","エンジェルフィッシュ","ブローフィッシュ","ビアナックブリーム","インディゴヘリング","アッシュトゥーナ","フルムーンサーディン","ラベンダーレモラ","シルバーシャーク","リトルサラオス",,206,19
53,35,"","","",1,,"エ・タッタ監視哨","",0,1600,1160,400,"ギル","ハーバーヘリング","オーガバラクーダ","ブラックソール","シーピクル","アッシュトゥーナ","白蝶貝","バルーンフィッシュ","紅珊瑚","マズラヤマーリン",,979,20
54,35,"","","",2,"","エ・タッタ監視哨","",0,1490,1100,200,"ファイアシャード","ベニザリガニ","ダークスリーパー","ミトンクラブ","スポテッドパファー","ディスカス","コボルドパファー","ソルター","","","",211,23
55,40,"","","",2,,"エ・タッタ監視哨","",0,959,1247,400,"ファイアシャード","銅魚","ヤツメウナギ","モンケオンケ","ミトンクラブ","ディスカス","ロイヤルプレコ","射手魚","アジェレスカープ","ドラウンドスナイパー","",980,24
56,40,"","","",2,,"エ・タッタ監視哨","",0,973,1462,400,"ファイアシャード","銅魚","ヤツメウナギ","ミトンクラブ","ジャイアントバス","ディスカス","ロイヤルプレコ","雷紋魚","射手魚","アジェレスカープ",,168,25
57,40,"","","",2,,"エ・タッタ監視哨","",0,791,1550,400,"ウィンドシャード","銅魚","マッドクラブ","ヤツメウナギ","グリップキリフィッシュ","銀魚","スラッジスキッパー","キュウケツヤツメ","ミラースケイル","","",981,26
58,45,"水中に黄金の煌めきがよぎった！","黄金の煌めきを見失ってしまった……。","水中に黄金の煌めきが再びよぎった！",2,"","エ・タッタ監視哨","",0,717,1322,200,"ギル","ミトンクラブ","銀魚","クラウンローチ","ディスカス","ナイフフィッシュ","アジェレスカープ","金魚","オオモリナマズ","黄金魚","",214,27
59,10,"","","",1,,"境樹","",0,1641,1542,600,"ウィンドシャード","ロミンサンアンチョビ","白珊瑚","ハーバーヘリング","モラビーフロウンダー","ストーンクラブ","タイガーコッド","ロズリトオイスター","ブルーオクトパス","ハリバット",,218,28
60,15,"","","",1,,"境樹","",0,1283,1298,600,"ギル","メルトールゴビー","タイガーコッド","ロズリトオイスター","ジャックナイフ","ブルーオクトパス","ワフー","グースフィッシュ","ジャンクモンガー","","",982,29
61,35,"","","",1,,"境樹","",0,827,998,600,"ファイアシャード","セイバーサーディン","青珊瑚","ハンマーヘッド","シーピクル","白蝶貝","ラベンダーレモラ","バルーンフィッシュ","ローンリッパー","","",983,31
62,40,"","","",1,,"境樹","",0,673,1444,600,"ファイアシャード","メルトールゴビー","オーシャンクラウド","フルムーンサーディン","ラベンダーレモラ","紅珊瑚","シルバーシャーク","ワフー","パイクイール","モラモラ",,984,32
63,50,"","","",1,"","境樹","",0,590,1760,200,"ギル","フルムーンサーディン","紅珊瑚","黒蝶貝","ノーチラス","ハンプヘッド","プレイス","シーデビル","シーラカンス","コエラカントゥス",,985,35
64,15,"","","",1,"","境樹","",0,1456,1480,200,"ギル","白珊瑚","ハーバーヘリング","ヘルメットクラブ","ロズリトオイスター","リムレーンズダガー","オーガバラクーダ","ギガントオクトパス","リムレーンズソード","","",220,30
65,45,"","","",1,,"境樹","",0,728,1752,400,"アイスシャード","メルトールゴビー","紅珊瑚","ワフー","黒蝶貝","パイクイール","ハンプヘッド","プレイス","ジャイアントスキッド","メガロドン",,228,33
66,20,"","","",2,,"ハーストミル","",0,629,1164,600,"ファイアシャード","リバークラブ","フェアリーバス","ジェイドイール","ドブガイ","ウォームトラウト","ヨツメウオ","ダークバス","スカルピン","クァールフィッシュ",,174,37
67,20,"","","",2,,"ハーストミル","",0,402,1004,400,"ファイアシャード","ベニザリガニ","リバークラブ","銅魚","ブルーサーモン","ジェイドイール","ウォームトラウト","ヨツメウオ","ダークバス","タキノボリ",,234,38
68,35,"","","",2,,"ハーストミル","",0,1356,1091,600,"ファイアシャード","ジェイドイール","ドブガイ","ヨツメウオ","アロワナ","ミトンクラブ","銀魚","ジャイアントバス","ブロンズレイクトラウト","オオナマズ",,987,40
69,25,"","","",1,,"フォールゴウド","",0,678,1426,600,"ギル","ロミンサンアンチョビ","ストーンクラブ","タイガーコッド","ロズリトオイスター","ハンマーヘッド","インディゴヘリング","ハーラルハドック","ロックロブスター","ダーティーヘリング","",266,71
70,15,"","","",1,,"フォールゴウド","",0,526,578,600,"ファイアシャード","ロミンサンアンチョビ","ハーバーヘリング","ストーンクラブ","タイガーコッド","ロズリトオイスター","ブルーオクトパス","リベットオイスター","","","",274,69
71,20,"","","",1,,"フォールゴウド","",0,728,910,600,"ギル","ロミンサンアンチョビ","ジャックナイフ","ブローフィッシュ","セイバーサーディン","モンクフィッシュ","スポテッドパファー","ロックロブスター","フィンガーズ","","",272,70
72,5,"","","",2,,"フォールゴウド","",0,1174,1028,400,"ファイアシャード","ホネザリガニ","ダスキーゴビー","スナモグリ","ブラスローチ","メイデンカープ","銅魚","マッカチン","銅鏡","","",264,67
73,10,"","","",2,,"フォールゴウド","",0,808,734,600,"ファイアシャード","ザリガニ","マッドスキッパー","フェアリーバス","マッドクラブ","エーコンスネイル","銅魚","マッカチン","マッドゴーレム","","",245,68
74,45,"獲物を追い回す大物の気配を感じる！","大物の気配は消えてしまった……。","獲物を追い回す大物の気配を再び感じた！",1,,"フォールゴウド","",0,446,318,600,"ウィンドシャード","メルトールゴビー","ハーラルハドック","白蝶貝","シルバーシャーク","ワフー","黒蝶貝","プレイス","シーデビル","タイタニックソー",,246,72
75,5,"","","",2,,"浮かぶコルク亭","",0,1120,860,400,"ファイアシャード","ホネザリガニ","ダスキーゴビー","ブラスローチ","メイデンカープ","ダークバス","ドリームゴビー","","","","",990,75
76,10,"","","",2,,"浮かぶコルク亭","",0,806,1138,400,"ファイアシャード","ホネザリガニ","ダスキーゴビー","ブラスローチ","メイデンカープ","ダークバス","イージスシュリンプ","ヌルヌルキング","","","",991,76
77,15,"","","",2,,"浮かぶコルク亭","",0,1340,914,400,"アイスシャード","ホネザリガニ","メイデンカープ","マッドスキッパー","マッドクラブ","エーコンスネイル","ダークバス","イージスシュリンプ","ダークナイト","","",297,78
78,15,"","","",2,,"イクサル軍伐採所","",0,632,984,400,"ファイアシャード","ダスキーゴビー","マッドスキッパー","フェアリーバス","エーコンスネイル","マッドクラブ","ホネシャブリ","ジンコツシャブリ","","","",992,79
79,15,"","","",2,,"イクサル軍伐採所","",0,810,1190,400,"ファイアシャード","ダスキーゴビー","マッドスキッパー","フェアリーバス","エーコンスネイル","マッドクラブ","ホネシャブリ","マッドピルグリム","","","",993,80
80,30,"","","",2,,"イクサル軍伐採所","",0,1232,1082,400,"ファイアシャード","ウォームトラウト","ブラックイール","ダークバス","ユグラムサーモン","ミトンクラブ","ナルザルイール","ワーデンズワンド","","","",308,81
81,5,"","","",2,,"ウルズの泉","",0,1553,530,600,"ファイアシャード","ザリガニ","ピピラ","スナモグリ","メイデンカープ","堀ブナ","雨乞魚","マトロンカープ","","","",1000,44
82,40,"","","",2,,"イクサル軍伐採所","",0,1406,1184,600,"ウィンドシャード","ユグラムサーモン","アロワナ","ディスカス","インフェルノスネイル","ロイヤルプレコ","ナイフフィッシュ","サウザンパイク","ギガンジャクシ","サンディスク",,253,82
83,25,"","","",2,,"ユージニア監視哨","",0,1036,704,400,"アイスシャード","銅魚","ウォームトラウト","ダークバス","ヤツメウナギ","ホネカブリ","ホローアイズ","","","","",314,83
84,35,"","","",2,,"ユージニア監視哨","",0,1218,1000,400,"ファイアシャード","堀ブナ","マッドクラブ","ホネカブリ","クラウンローチ","ディスカス","インフェルノスネイル","パガルザンディスカス","ディスコボルス","","",995,84
85,35,"","","",2,,"ユージニア監視哨","",0,732,1496,400,"ウィンドシャード","銅魚","ウォームトラウト","ヤツメウナギ","ホネカブリ","ロープフィッシュ","クラウンローチ","ゴールデンローチ","アイアンヌース","","",323,85
86,35,"","","",3,,"ユージニア監視哨","",0,568,1750,600,"ウィンドシャード","サンドフィッシュ","サンドブリーム","ドトンフィッシュ","サンドストームライダー","アントリオンスラッグ","デューンマンタ","サゴリーモンクフィッシュ","ホーリーカーペット","ヘリコプリオン","",996,86
87,35,"","","",3,"","ユージニア監視哨","",0,1314,1796,600,"ウィンドシャード","サンドブリーム","スナナマズ","ドトンフィッシュ","サンドストームライダー","アントリオンスラッグ","デューンマンタ","キャラバンイール","オルゴイコルコイ","","",997,87
88,45,"","","",2,,"初心者の館","",0,986,1128,600,"ギル","グリップキリフィッシュ","銀魚","インフェルノスネイル","スラッジスキッパー","サンダラフィッシュ","イルサバードバス","金魚","ウーツナイフフィッシュ","ウーツナイフ・ゼニス","",330,89
89,40,"","","",2,,"初心者の館","",0,1156,1249,400,"アイスシャード","ホネザリガニ","銀魚","ジャイアントバス","ゴールデンローチ","インフェルノスネイル","ナイフフィッシュ","スカルピン","ガー","アリゲーターガー",,998,88
90,5,"","","",2,,"朽葉の吹溜り","",0,1160,1361,600,"ウィンドシャード","ザリガニ","ピピラ","スナモグリ","メイデンカープ","堀ブナ","雨乞魚","招嵐王","","","",964,42
91,5,"","","",2,,"朽葉の吹溜り","",0,972,1065,400,"ギル","ザリガニ","ピピラ","スナモグリ","メイデンカープ","堀ブナ","ブラッディブルワー","","","","",965,43
92,35,"","","",2,,"","",0,493,1107,400,"ファイアシャード","マッドスキッパー","グラディエーターベタ","マッドクラブ","モンケオンケ","銀魚","ブラッドバス","","","","",59,50
93,45,"","","",2,"","西の葉脈","",0,1406,466,600,"ファイアシャード","マッドクラブ","ランプマリモ","アロワナ","銀魚","ジャイアントバス","ナイフフィッシュ","ガー","イルサバードバス","血紅龍","",417,101
94,50,"ジャノを超える大物の気配を感じる！","大物の気配は消えてしまった……。","ジャノを超える大物の気配を再び感じた！",2,,"西の葉脈","",0,1498,260,200,"ファイアシャード","ランプマリモ","銀魚","ジャイアントバス","インフェルノスネイル","アサシンベタ","イルサバードバス","金魚","モリナバルウ","ジャノ",,967,104
95,50,"","","",2,"","フォールゴウド","",0,702,269,200,"ファイアシャード","グリップキリフィッシュ","銀魚","インフェルノスネイル","スラッジスキッパー","サンダラフィッシュ","イルサバードバス","キュウケツヤツメ","ヴァンパイアウィップ","","",276,74
96,10,"","","",2,,"浮かぶコルク亭","",0,1426,1020,400,"ウィンドシャード","ホネザリガニ","ダスキーゴビー","ブラスローチ","メイデンカープ","ダークバス","オールドソフティ","","","","",249,77
97,20,"","","",2,,"黄蛇門","",0,1321,734,200,"ファイアシャード","ホネザリガニ","エーコンスネイル","ブラインフィッシュ","ランプマリモ","オヤジウオ","","","","","",202,17
98,30,"","","",2,,"ハーストミル","",0,1627,1196,600,"ウィンドシャード","ベニザリガニ","リバークラブ","フェアリーバス","ジェイドイール","ドブガイ","ワーム・オブ・ニーム","","","","",988,39
99,40,"","","",2,"","ガラディオン湾","",0,744,516,400,"ファイアシャード","ジャイアントバス","インフェルノスネイル","雷紋魚","ウォームトラウト","ブロンズレイクトラウト","大鈍甲","サンダーガット","","","",989,41
100,5,"","","",2,,"ウルズの泉","",0,790,700,600,"ファイアシャード","ザリガニ","ピピラ","スナモグリ","メイデンカープ","堀ブナ","意地ブナ","","","","",999,45
101,45,"","","",1,,"境樹","",0,806,738,600,"ウィンドシャード","フルムーンサーディン","白蝶貝","紅珊瑚","黒蝶貝","ノーチラス","シーデビル","キャプテンズチャリス","","","",363,34
102,50,"","","",1,,"境樹","",0,638,608,400,"ファイアシャード","ロミンサンアンチョビ","メルトールゴビー","紅珊瑚","ワフー","黒蝶貝","ロックロブスター","ディニクティス","シーハッグ","","",365,36
103,45,"","","",2,,"フォールゴウド","",0,850,303,400,"アイスシャード","ブラインフィッシュ","グリップキリフィッシュ","銀魚","アサシンベタ","ガー","ンデンデキ","","","","",275,73
104,30,"","","",1,,"キャンドルキープ埠頭","",0,1000,1000,3000,"ファイアシャード","ハーバーヘリング","ブルーオクトパス","ブローフィッシュ","ビアナックブリーム","インディゴヘリング","アッシュトゥーナ","フルムーンサーディン","ノーチラス","トゥイッチビアード","",425,105
105,30,"","","",2,,"エンプティハート","",0,1000,1000,3000,"ファイアシャード","ピピラ","ダークスリーパー","グラディエーターベタ","カラードカープ","クロナマズ","スポテッドプレコ","アロワナ","モンケオンケ","スウィートニュート","",426,106
106,30,"","","",2,,"オシュオン灯台","",0,1000,1000,3000,"ファイアシャード","ブラスローチ","フェアリーバス","銅魚","マッカチン","ダークバス","ヤツメウナギ","銀魚","金魚","スピアノーズ","",427,107
107,50,"","","",1,,"エ・タッタ監視哨","",0,1830,1090,200,"ファイアシャード","フィンガーシュリンプ","ハーバーヘリング","ブローフィッシュ","バルーンフィッシュ","アッシュトゥーナ","紅珊瑚","オーガバラクーダ","マズラヤマーリン","ギガントオクトパス",,1001,21
108,50,"伝説級の大物の気配を感じる！","大物の気配は消えてしまった……。","伝説級の大物の気配を再び感じた！",1,"","エ・タッタ監視哨","",0,1810,1150,200,"ウィンドシャード","メルトールゴビー","ブローフィッシュ","リーフィーシードラゴン","ロックロブスター","ワフー","リトルサラオス","シャル貝","メガロドン","ジャイアントスキッド",,1002,22
109,50,"","","",2,,"ハルオーネの射目","",0,1512,1260,200,"ファイアシャード","アバラシアスメルト","クルザスクラブ","クルザスパファー","ファットパース","","","","","","",2201,108
110,51,"","","",4,,"ハルオーネの射目","",0,1640,1252,300,"ウィンドシャード","白雲珊瑚","スカイワーム","グレイシャーコア","ハイウィンドジェリー","アイスイーター","ヘイルイーター","","","","",2217,109
111,52,"","","",2,,"ハルオーネの射目","",0,1302,802,600,"ファイアシャード","アバラシアスメルト","アイスピックスメルト","ハルオネ","ソーサラーフィッシュ","ホワイトオクトパス","クルザスクリオネ","フレアフィッシュ","","","",1003,110
112,60,"ドブネズミの臭いを感じる！","ドブネズミの臭いは消えてしまった……。","ドブネズミの臭いを再び感じた！",2,"","ハルオーネの射目","",0,1698,236,300,"ギル","アバラシアスメルト","ハルオネ","クルザスクラブ","ヒートロッド","カペリン","プリーストフィッシュ","クリア・ハルオネ","ビショップフィッシュ","シャリベネ","",1004,111
113,60,"","","",2,"","ハルオーネの射目","",0,366,414,300,"ウィンドシャード","オーガホーン","チェリートラウト","ガラ・ルファ","スパエキノス","竜骨貝","イエティキラー","","","","",2227,112
114,53,"","","",2,,"ハルオーネの射目","",0,986,490,300,"ファイアシャード","アバラシアスメルト","アイスピックスメルト","ハルオネ","レイクアーチン","アンモナイト","ノーブルシーマ","ファングクラム","ベーンクラーケン","マジックバケツ",,1005,113
115,52,"","","",2,,"ハルオーネの射目","",0,620,698,300,"ファイアシャード","アバラシアスメルト","ハルオネ","ファングクラム","レイクアーチン","ギガントグルーパー","バトルガレー","ノーザンオイスター","ラ・レアル","","",2211,114
116,53,"","","",2,,"ハルオーネの射目","",0,582,372,600,"ファイアシャード","ファングクラム","レイクアーチン","ハルオネ","氷神魚","雪乞魚","クルザスオイスター","ヒートプレコ","氷の巫女","","",1006,115
117,52,"","","",2,,"聖ダナフェンの旅程","",0,1442,432,400,"ファイアシャード","アカザ","ピピラ・ピラ","マクロブラキウム","草魚","ジャウー","ドラヴァニアスメルト","リバーシュリンプ","スケイルリッパー","","",2019,116
118,52,"","","",2,,"聖ダナフェンの旅程","",0,1406,656,600,"ファイアシャード","アカザ","イシガイ","ピピラ・ピラ","スリーリップス","ドラヴァニアンバス","マクロブラキウム","フォークタン","","","",2020,117
119,52,"","","",2,,"聖ダナフェンの旅程","",0,1152,1178,600,"ファイアシャード","アカザ","イシガイ","マクロブラキウム","スリーリップス","ポリプテルス","アストロノータス","アクムノタネ","","","",2004,118
120,55,"","","",2,"","聖ダナフェンの旅程","",0,1453,240,900,"ファイアシャード","ピピラ・ピラ","マクロブラキウム","ドラゴンカブリ","カイマン","サンダーボルト","アンバーサラマンダー","サンダースケイル","","","",2029,119
121,55,"","","",6,,"聖ダナフェンの旅程","",0,576,588,600,"ファイアシャード","ラーヴァクラブ","グラナイトクラブ","キンバーナイト","コメットータス","ヨウガンナマズ","メテオトータス","","","","",2008,120
122,56,"","","",6,,"聖ダナフェンの旅程","",0,410,310,300,"ウィンドシャード","グラナイトクラブ","アイトーンコルト","マグマツリー","キンバーナイト","ブラックメイジフィッシュ","聖竜の涙","","","","",1007,121
123,57,"","","",6,,"聖ダナフェンの旅程","",0,876,466,200,"ファイアシャード","ラーヴァクラブ","グラナイトクラブ","キンバーナイト","アイトーンコルト","コメットータス","マグマラウス","ホプロンシェル","リドル","","",2064,122
124,60,"マグマの底から不気味な気配を感じる！","不気味な気配は消えてしまった……。","マグマの底から不気味な気配を再び感じた！",6,"","聖ダナフェンの旅程","",0,316,210,200,"ファイアシャード","グラナイトクラブ","マグマツリー","コメットータス","フォッシルアロワナ","溶岩王","ラーヴァスネイル","溶岩帝王","プロブレマティカス","","",2030,123
125,57,"","","",2,,"ゼーメル要塞","",0,1052,1070,400,"ファイアシャード","グリロタルパ","香魚","学士貝","シップワーム","リーフフィッシュ","イルミナティパーチ","ヒンターランドパーチ","智慧珊瑚","水瓶王","",2039,124
126,58,"","","",2,,"ゼーメル要塞","",0,490,1260,1200,"ファイアシャード","マクロブラキウム","ブルフロッグ","グリロタルパ","ヤルムロブスター","バタフライフィッシュ","タイガーフィッシュ","ヌマムツ","ドラヴァニアンスカラプ","マダムバタフライ","",2035,125
127,58,"川底に微かな光がよぎった！","微かな光は消えてしまった……。","川底に微かな光が再びよぎった！",2,,"ゼーメル要塞","",0,1042,1678,800,"ファイアシャード","グリロタルパ","サリャクスカルピン","香魚","シップワーム","ヤルムロブスター","フィロソファーアロワナ","アブトアード","サベネアン・リーフフィッシュ","スピーカー",,1008,126
128,60,"","","",2,"","ゼーメル要塞","",0,931,1140,500,"ウィンドシャード","学士貝","サリャクスカルピン","香魚","グリロタルパ","ブルフロッグ","サリャクカイマン","バーサーカーベタ","ゴブリバス","インクシェル",,1009,127
129,54,"","","",2,,"大審門","",0,1700,1400,300,"ウィンドシャード","クラウドフィッシュ","ランプマリモ","キッシング・グラミー","ホワイトオスカー","ヴィゾーヴニル","","","","","",2013,128
130,54,"","","",2,,"大審門","",0,368,1584,600,"ファイアシャード","ポンポンポン","モグルグポンポン","ハロポンポン","","","","","","","",2017,129
131,54,"","","",2,,"大審門","",0,388,336,500,"ウィンドシャード","クラウドフィッシュ","サカサナマズ","アミア・カルヴァ","バサバサ","心貝","イルミナティマスク","ボサボサ","","","",2079,130
132,54,"","","",5,,"大審門","",0,1362,1156,1200,"ファイアシャード","スカイフェアリー・セレネ","夕空珊瑚","アバーブクラウド","スカイメデューサ","バルーンパファー","ドラゴンソウル","サンセットセイル","ラタトスクソウル","","",2014,131
133,55,"","","",5,,"大審門","",0,828,1868,1000,"ウィンドシャード","スカイフェアリー・セレネ","夕空珊瑚","アバーブクラウド","スカイハイフィッシュ","ゴブリパス","スカイフェアリー・エオス","プテラノドン","ディモルフォドン","","",1010,132
134,55,"一帯に君臨する大物の気配を感じる！","大物の気配は消えてしまった……。","一帯に君臨する大物の気配を再び感じた！",5,"","大審門","",0,914,256,400,"ファイアシャード","スカイフェアリー・セレネ","アバーブクラウド","スカイハイフィッシュ","マナセイル","ブラウンブーメラン","コブラフィッシュ","ストームライダー","ニクトサウルス","ストームブラッドライダー",,2048,133
135,52,"","","",2,,"ストーンヴィジル","",0,1324,1610,1000,"ファイアシャード","グリロタルパ","クラウドフィッシュ","ブルフロッグ","マイボイ","出目金","カイマン","クラウドケルプ","水墨魚","","",2103,134
136,60,"","","",2,"","ストーンヴィジル","",0,1450,1832,300,"ファイアシャード","グリロタルパ","クラウドフィッシュ","ブルフロッグ","ヤルムロブスター","バヌバヌヘッド","ゲイラキラー","雲海紅珊瑚","パイッサキラー","","",2120,135
137,53,"","","",5,,"ストーンヴィジル","",0,668,1784,300,"ファイアシャード","スターフラワー","フライングエッグ","マフワイ","ミトラスラッグ","青空珊瑚","フリーシーモトロ","シーロストラタスモトロ","","","",2102,136
138,56,"","","",5,,"ストーンヴィジル","",0,316,500,1000,"ファイアシャード","フライングエッグ","スカイフェアリー・セレネ","スカイルーム","ストームコア","フライングガーナード","スカイスウィーパー","トルネドシャーク","クラウドハーブ","ザ・セカンドワン","",2105,137
139,56,"幸運の予兆を感じる！","幸運の予兆は消えてしまった……。","幸運の予兆を再び感じた！",5,"","ストーンヴィジル","",0,680,220,800,"ファイアシャード","スターフラワー","スカイフェアリー・セレネ","スコーピオンフライ","スピリット","ヴァンパイアブランケット","天空珊瑚","バスキングシャーク","クラウドバタフライ","","",2129,138
140,58,"","","",7,,"ホワイトブリム前哨地","",0,752,524,500,"ファイアシャード","白金魚","ブラックウィップ","ブラッドスキッパー","ハイアラガンクラブ","アラガンハンター","ハイアラガンクラブ改","","","","",2109,139
141,59,"","","",7,,"ホワイトブリム前哨地","",0,1430,270,300,"ファイアシャード","白金魚","ブラックウィップ","ブラッドスキッパー","魔科学物質123","プロプケン","魔科学物質666","","","","",1011,140
142,60,"","","",7,"","ホワイトブリム前哨地","",0,280,744,200,"ファイアシャード","白金魚","アジスフィッシュ","オイルイール","魔魚","オリファントノーズ","セティ","","","","",2177,141
143,59,"","","",2,,"ホワイトブリム前哨地","",0,526,1462,1000,"ファイアシャード","ブレードガンナー","ロッククライマー","エーテルアイ","ヤルムロブスター","バイオピラルク","ポクリポン","バイオガピラルク","","","",2112,142
144,60,"","","",2,"","ホワイトブリム前哨地","",0,274,1630,300,"アイスシャード","ブレードガンナー","クリスタルフィッシュ","エーテルアイ","肺魚","プチアクソロトル","ファイアエミッター","ハンドレッドアイ","","","",2173,143
145,60,"","","",5,"","ホワイトブリム前哨地","",0,1860,840,300,"ギル","スカイフェアリー・セレネ","スカイハイフィッシュ","未確認飛行生物","ガスボムパファー","スカイスウィーパー","トゥプクスアラ","スチュペンデミス","コブラフィッシュ","クリスタルピジョン","",2113,144
146,60,"名状しがたい気配を感じる！","名状しがたい気配は消えてしまった……。","名状しがたい気配を再び感じた！",7,"","ホワイトブリム前哨地","",0,1000,1000,300,"ファイアシャード","白金魚","アジスフィッシュ","オイルイール","ジュエリージェリー","バレルアイ","オプロプケン","アラガンブレード・シャーク","オパビニア","","",2114,145
147,60,"","","",2,,"","",0,0,0,0,"","マイボイ","クラウドフィッシュ","","","","","","","","",2257,0
148,60,"","","",2,,"","",0,0,0,0,"","サンダーボルト","ホワイトオスカー","","","","","","","","",2258,0
149,60,"","","",2,,"","",0,0,0,0,"","マイボイ","ブルフロッグ","クラウドフィッシュ","ヤルムロブスター","","","","","","",2259,0
150,60,"","","",2,,"","",0,0,0,0,"","スリーリップス","","","","","","","","","",2260,0
151,60,"","","",2,,"","",0,0,0,0,"","クラウドフィッシュ","","","","","","","","","",2261,0
152,60,"","","",5,,"","",0,0,0,0,"","フライングエッグ","マフワイ","ミトラスラッグ","青空珊瑚","","","","","","",2262,0
153,60,"","","",5,,"","",0,0,0,0,"","マフワイ","スカイルーム","青空珊瑚","ミトラスラッグ","","","","","","",2263,0
154,60,"","","",5,,"","",0,0,0,0,"","ヴァンパイアブランケット","スピリット","","","","","","","","",2264,0
155,35,"","","",2,,"ガラディオン湾","",0,920,860,500,"ウィンドシャード","ジェイドイール","ドブガイ","ヨツメウオ","アロワナ","ミトンクラブ","銀魚","ジャイアントバス","ブロンズレイクトラウト","オオナマズ",,1012,146
156,50,"","","",1,,"エ・タッタ監視哨","",0,1750,1280,400,"ギル","メルトールゴビー","ブローフィッシュ","リーフィーシードラゴン","ワフー","リトルサラオス","シャル貝","メガロドン","ジャイアントスキッド","海チョコチョコボ",,1013,147
157,63,"","","",1,,"エラリグ墓地","",0,950,1000,3000,"ウィンドシャード","カタクチイワシ","紅玉海老","トラフグ","ルリマグロ","ハナタツ","ハナヒゲウツボ","ノボリリュウ","","","",2501,162
158,62,"","","",1,,"ナル大門","",0,1870,1870,400,"ウィンドシャード","カタクチイワシ","ルリニシン","モヨウモンガラドオシ","サンゴノオトシゴ","クアル","紅龍","","","","",1027,163
159,62,"","","",1,,"ナル大門","",0,1240,1630,2000,"ウィンドシャード","カタクチイワシ","獄海月","紅玉海老","イシアタマ","鰭竜","ウキキ","シュリーカー","ゴクソツアンコウ","菜食王","",1028,164
160,65,"","","",1,"","ナル大門","",0,1680,960,2000,"ウィンドシャード","カタクチイワシ","獄海月","紅玉海老","ウオノタユウ","ルリマグロ","オオテンジクザメ","ウスギヌダコ","オオニシン","ナナツボシ","",1029,165
161,63,"","","",1,,"ナル大門","",0,1580,360,1000,"ウィンドシャード","カタクチイワシ","紅玉珊瑚","蒼玉珊瑚","白骨珊瑚","チョウチョウウオ","春告魚","紅玉藻","春不知","","",1030,166
162,64,"","","",1,,"ナル大門","",0,1050,500,1000,"ウィンドシャード","紅玉海老","コノハタツノコ","ルリカレイ","ホタテウミヘビ","メカジキ","釣針魚","ウミダイジャ","","","",1031,167
163,64,"","","",1,,"ナル大門","",0,400,546,1000,"ウィンドシャード","ルリニシン","トビウオ","ハリセンボン","ウチワ貝","オオニベ","ギマ","白銀貝","バリマンボン","","",1032,168
164,70,"","","",1,,"ナル大門","",0,365,1280,1000,"ウィンドシャード","紅玉海老","ダイオウイカ","コロモダコ","キジハタ","ゼッキワニ","ソクシツキ","","","","",1033,169
165,64,"","","",2,,"不滅隊：作戦本部","",0,1690,650,300,"ウィンドシャード","ドマス","ドマザリガニ","コイマリモ","ザクロウミ","","","","","","",1034,170
166,64,"","","",2,,"不滅隊：作戦本部","",0,1740,800,200,"ウィンドシャード","カワアカメ","ドマス","ドマザリガニ","オニニラミ","","","","","","",1035,171
167,64,"","","",2,,"不滅隊：作戦本部","",0,1425,730,300,"ウィンドシャード","ノゴイ","仙寿の翁","","","","","","","","",1036,172
168,67,"水中から七色の輝きが溢れ出した！","七色の輝きが失われてしまった……。","七色の輝きが再び溢れ出した！",2,,"不滅隊：作戦本部","",0,1380,275,800,"ウィンドシャード","黄彩魚","青彩魚","紫彩魚","赤彩魚","白彩魚","橙彩魚","藍彩魚","緑彩魚","七彩天主","",1042,177
169,67,"","","",2,,"不滅隊：作戦本部","",0,1535,310,200,"ウィンドシャード","ドマス","ドマザリガニ","ドマウナギ","ニジノヒトスジ","","","","","","",1043,176
170,67,"","","",2,,"不滅隊：作戦本部","",0,670,320,500,"ウィンドシャード","ドマス","侍魚","白紙魚","龍魚","雷遁魚","ボクデン","","","","",1037,179
171,67,"","","",2,,"不滅隊：作戦本部","",0,520,650,1000,"ウィンドシャード","ドマス","無二草魚","御鮭様","コツゼツ","白蜃蛤","水天一碧","","","","",1038,178
172,65,"","","",2,,"不滅隊：作戦本部","",0,950,1160,1000,"ウィンドシャード","ヤンサコイ","ナガヒゲナマズ","ドマス","ヤンサアカメ","コツゼツ","オサードサーモン","シャジクノミ","","","",1039,173
173,70,"","","",2,"","不滅隊：作戦本部","",0,500,1595,600,"ウィンドシャード","ナガヒゲナマズ","ドマス","コツゼツ","天女魚","羽衣美女","","","","","",1040,174
174,70,"","","",2,"","不滅隊：作戦本部","",0,1750,1140,400,"ウィンドシャード","ドマス","コツゼツ","パンダ蝶尾","絹鯉","梅見魚","梅花貝","羽衣鯉","","","",1041,175
175,60,"","","",2,,"コロセウム","",0,1570,1470,200,"ウィンドシャード","メダカ","オサードトラウト","ザガス","グラススキッパー","アケザリガニ","ベジースキッパー","","","","",1046,180
176,60,"","","",2,,"コロセウム","",0,1400,970,300,"ウィンドシャード","ザガス","天幕魚","ドライグラススキッパー","クレザリガニ","ハクビターリング","明けの旗魚","","","","",2500,181
177,60,"","","",2,,"コロセウム","",0,846,890,300,"ウィンドシャード","アカヒレ","ザガス","ドライグラススキッパー","青空の涙","クレザリガニ","ブレードスキッパー","","","","",1049,182
178,60,"","","",2,,"コロセウム","",0,1030,1070,1000,"ウィンドシャード","オサードトラウト","ザガス","サンバス","硬鱗魚","スウェットフィッシュ","グッピー","暮れの魚","","","",1045,183
179,60,"","","",2,,"コロセウム","",0,780,670,300,"ウィンドシャード","ザガス","ドライグラススキッパー","クレザリガニ","弓魚","タオビターリング","川の長老","シンタクヤブリ","","","",1047,184
180,60,"","","",2,,"コロセウム","",0,1080,1370,300,"ウィンドシャード","オサードトラウト","グラススキッパー","アケザリガニ","ヤトゴビー","クサイロカジカ","薫香魚","ヤトカガン","","","",1048,185
181,60,"","","",2,,"コロセウム","",0,575,1610,200,"ウィンドシャード","真鍮魚","ナーマの恵み","ナーマの愛寵","神々の愛","","","","","","",1044,186
182,61,"","","",2,,"アマジナ鉱山社","",0,1000,1300,400,"ウィンドシャード","アバラシアビターリング","ブロークンクラブ","ミューヌフィッシュ","ギラバニアントラウト","ブラッドスピッター","フックスティーラー","","","","",2502,148
183,62,"","","",2,,"アマジナ鉱山社","",0,1025,935,1000,"ウィンドシャード","ゴールデンシクリッド","寺ブナ","ギラバニアントラウト","モンクベタ","ライキナマズ","パガンピラルク","シデンナマズ","","","",2504,149
184,62,"","","",2,,"アマジナ鉱山社","",0,1115,490,300,"ウィンドシャード","コメットミノウ","バルーンフロッグ","トウロウマリモ","ブラッドスピッター","ギルフィッシュ","レッドテイル","レッドテイルゾンビー","","","",2503,150
185,61,"","","",2,,"拷問の間","",0,525,860,400,"ウィンドシャード","スチールヘッド","ミューヌフィッシュ","バルーンフロッグ","デスローチ","ギラバニアチャブ","サーメットヘッド","クセナカンサス","","","",1014,151
186,62,"","","",2,,"拷問の間","",0,430,1400,1100,"ウィンドシャード","ミューヌフィッシュ","ホネトカシ","オチバウオ","パジャルローチ","ケイブキリフィッシュ","レイスフィッシュ","チャクラナマズ","サファイアファン","","",1015,152
187,62,"","","",2,,"拷問の間","",0,645,1500,300,"ウィンドシャード","ホネトカシ","小流星","ハンテンナマズ","ニルヴァーナクラブ","カーディナルフィッシュ","スファライフィッシュ","アークビショップフィッシュ","","","",1016,153
188,61,"","","",2,,"拷問の間","",0,845,425,600,"ウィンドシャード","ベロジナソウギョ","タニノボリ","ブラッドスピッター","ブラックベロジナカープ","ベロジナサーモン","タニクダリ","","","","",1017,154
189,62,"","","",2,,"拷問の間","",0,1325,770,400,"ウィンドシャード","ハイランドパーチ","ミラージュチャブ","ジャリモグリ","ラールガーサンダーボルト","ミラージュマヒ","スカーレットフロッグ","コープスチャブ","","","",1018,155
190,61,"水中で岩のようなものがうごめいた！","岩のようなものを見失ってしまった……。","水中で岩のようなものが再びうごめいた！",2,,"プラチナミラージュ
[格闘士ギルド]","",0,260,700,300,"ウィンドシャード","デスローチ","グリムクラブ","エニッドシュリンプ","エスナカブリ","ボンドスプリッター","ドレパナスピス","","","","",1019,156
191,61,"","","",2,,"プラチナミラージュ
[格闘士ギルド]","",0,1130,410,400,"ウィンドシャード","ナマケチチブ","ナガレノボリ","ギラバニアントラウト","ヒースチャー","デスローチ","アラワレザリガニ","ナガレクダリ","","","",1020,157
192,65,"","","",2,"","プラチナミラージュ
[格闘士ギルド]","",0,1580,280,400,"ウィンドシャード","アダマンポリプテルス","デスローチ","アバラシアサラマンダー","スティールシャーク","パープルバックラー","ラストティアー","","","","",1021,158
193,70,"","","",2,"","プラチナミラージュ
[格闘士ギルド]","",0,1550,800,400,"ウィンドシャード","ヒースチャー","瞑想魚","マウンテンアロワナ","裁定魚","解脱魚","","","","","",1022,159
194,68,"","","",2,,"プラチナミラージュ
[格闘士ギルド]","",0,978,1582,1200,"ウィンドシャード","デスローチ","アラワレザリガニ","ブルズバイト","ノゾキウオ","瞑想魚","ワニガメ","ヘモン","","","",1023,160
195,70,"","","",2,"","プラチナミラージュ
[格闘士ギルド]","",0,410,1820,500,"ウィンドシャード","ギラバニアントラウト","ギガントバス","イースタンパイク","シミターフィッシュ","アラミガンリボン","ロックフィッシュ","アラミガンベール","","","",1025,161
196,70,"湖底にいびつな巨影がよぎった！","いびつな巨影を見失ってしまった……。","湖底にいびつな巨影が再びよぎった！",8,,"エメラルドアベニュー","",0,1025,1025,3000,"ウィンドシャード","ロックソルトフィッシュ","ソルトシールド","ホワイトホース","パールアイ","スカルプター","ソルトミル","ダイヤモンドアイ","ステタカントゥス","","",1026,187
197,63,"","","",1,,"ウェルヘッドリフト","",0,750,1350,1000,"ウィンドシャード","カタクチイワシ","紅玉海老","トラフグ","ルリマグロ","バクチウチ","","","","","",2505,189
198,65,"","","",2,"","ウェルヘッドリフト","",0,970,1030,500,"ファイアシャード","ノゴイ","ドマス","メダカ","真鍮魚","盆栽魚","ヒメダカ","","","","",2506,190
199,70,"","","",2,,"巨富の間","",0,770,645,600,"ウィンドシャード","クリスタルナイフ","ラクサンカープ","アステロイデア","ラバーズフラワー","ジャケットスネイル","アスタートリヴィ","","","","",3289,191
200,70,"","","",2,,"巨富の間","",0,940,1460,600,"ウィンドシャード","クリスタルナイフ","ラクサンカープ","罪吐き","ワンダリングキャットフィッシュ","罪撒き","","","","","",3290,192
201,70,"","","",2,,"巨富の間","",0,1175,1530,600,"ウィンドシャード","クリスタルナイフ","ラクサンカープ","クリスタリウムテトラ","スケルトンフィッシュ","ペンダントヘッド","","","","","",3291,193
202,71,"","","",2,,"練兵広場","",0,1500,545,1200,"ウィンドシャード","オクトアイズ","ハードキャンディ","アビススネイル","ウォーターボンバー","アルビノカイマン","マンイーター","","","","",3292,194
203,72,"","","",2,,"練兵広場","",0,545,1025,300,"ウィンドシャード","ハードキャンディ","アビススネイル","ウォーターボンバー","ミストキリフィッシュ","プラチナグッピー","ムーンライトグッピー","","","","",3293,195
204,71,"","","",2,,"練兵広場","",0,585,1430,1500,"ウィンドシャード","ハードキャンディ","クリーンソーサー","ラビットスキッパー","キサントバス","アルバロッククラブ","ラクサンインクホーン","プラチナホース","アンフォーギヴン・クラブ","","",3294,196
205,72,"","","",2,,"練兵広場","",0,920,1740,900,"ウィンドシャード","ハードキャンディ","ラビットスキッパー","キサントバス","スネークディスカス","パイソンディスカス","","","","","",3295,197
206,75,"","","",2,"","練兵広場","",0,410,1830,900,"ウィンドシャード","ハードキャンディ","クリーンソーサー","アルビノガー","バイスジョー","フォーギヴン・メランコリー","イモータルジョー","リストラカントゥス","","","",3296,198
207,78,"","","",2,,"太陽のテラス","",0,1300,670,1200,"ウィンドシャード","スカルイーター","トフィースネイル","ワッツトラウト","イトウオ","ハチェットフィッシュ","ヒモウオ","","","","",3297,199
208,71,"","","",2,,"太陽のテラス","",0,1420,1020,300,"ウィンドシャード","スカルイーター","ワッツトラウト","ノーブルファン","ホワイトオイルパーチ","オイルスリッカー","ドンの軍扇","","","","",3298,200
209,71,"","","",2,,"太陽のテラス","",0,1460,1300,1200,"ウィンドシャード","スカルイーター","トフィースネイル","ワッツトラウト","ゼブラキャットフィッシュ","ホワイトロンゾ","","","","","",3299,201
210,71,"","","",2,,"太陽のテラス","",0,980,1160,1200,"ウィンドシャード","スカルイーター","トフィースネイル","セピアソール","ブロンズソール","","","","","","",3300,202
211,72,"","","",1,,"太陽のテラス","",0,370,1710,1800,"ウィンドシャード","サウスコルシアコッド","コルシアフロウンダー","クラックシェルケルプ","クリームオイスター","ローズシュリンプ","レイザーフィッシュ","コルシアンキングクラブ","ブルークラブ","スチールレイザーフィッシュ","",3301,203
212,75,"水中をライトのような瞳がよぎった！","ライトのような瞳を見失ってしまった…","水中をライトのような瞳が再びよぎった！",1,"","太陽のテラス","",0,790,1740,600,"ウィンドシャード","サウスコルシアコッド","コルシアフロウンダー","ブラッドバルーン","シェイプシフター","ミンストレルフィッシュ","クレイヴキーパー","シャドウシフター","アクアマトン","","",3302,204
213,72,"","","",1,,"太陽のテラス","",0,1710,1740,1800,"ウィンドシャード","サウスコルシアコッド","クラックシェルケルプ","ブラッドバルーン","スピアヘッド","コルシアンハンプヘッド","ウィーディーシードラゴン","ヘノドゥス","オンドケルプ","ヘノドゥス・グランディス","",3303,205
214,72,"","","",1,,"魔力の間","",0,1025,1025,2400,"ウィンドシャード","乳白珊瑚","ジャリガイ","ホネイワシ","ベニウミグモ","ユールモアバタフライ","レッドハンマーヘッド","グランドデイムバタフライ","","","",3304,206
215,71,"砂中深くから強烈な視線を感じた！","強烈な視線を感じなくなってしまった…","砂中深くから強烈な視線を再び感じた！",3,,"タタメフII世の祈祷所","",0,1540,585,900,"ウィンドシャード","ビランクラブ","デザートサブマリナー","サンドエッグ","ツノカブリ","ミズカキスナヤモリ","カンムリカブリ","サプライズエッグ","","","",3305,207
216,77,"","","",3,,"タタメフII世の祈祷所","",0,725,690,1200,"ウィンドシャード","ガリククラブ","デザートサブマリナー","ミズカキスナヤモリ","ナバースマンタ","アンバーモンクフィッシュ","トゲトカゲ","クギトカゲ","","","",3307,209
217,72,"","","",3,,"タタメフII世の祈祷所","",0,1500,1530,1500,"ウィンドシャード","ビランクラブ","デザートサブマリナー","コハクヤツメ","ツノカブリ","デザートソー","アレン・デル","イエローサブマリナー","ナバースソー","","",3306,208
218,73,"","","",2,,"ララフトI世の中庭","",0,165,1065,900,"ウィンドシャード","グレイスキッパー","ピクシーフィッシュ","レモンフィッシュ","エンツュイ","フェアリークラム","手鏡の残像","ラウニスク","","","",3308,210
219,73,"","","",2,,"ララフトI世の中庭","",0,1000,1090,2400,"ウィンドシャード","グレイスキッパー","セルリアンローチ","オフィシャルボール","ゲコクジョウ","ワイルドレッドベタ","フクシアの蕾","フューリィベタ","イラッド・スカーン","","",3309,211
220,74,"","","",2,,"ララフトI世の中庭","",0,1050,405,600,"ファイアシャード","グレイスキッパー","セルリアンローチ","オフィシャルボール","ブラッドアイフロッグ","スポテッドクテノポマ","深泳の古書","","","","",3310,212
221,74,"","","",2,,"ララフトI世の中庭","",0,1240,400,600,"ウィンドシャード","グレイスキッパー","セルリアンローチ","ブラッドアイフロッグ","バタフライレインボー","ピクシーレインボー","","","","","",3311,213
222,75,"","","",2,"","ララフトI世の中庭","",0,1545,1065,300,"ウィンドシャード","グレイスキッパー","ピクシーフィッシュ","オフィシャルボール","水泡眼","頂天眼","","","","","",3314,216
223,74,"","","",2,,"ララフトI世の中庭","",0,1395,625,1200,"ウィンドシャード","ダイオウカガミガイ","グレイスキッパー","セルリアンローチ","チェリーヘリング","ダメルンズチェリー","","","","","",3312,214
224,74,"水中で翡翠色の輝きがよぎった！","翡翠色の輝きを見失ってしまった……。","水中で翡翠色の輝きが再びよぎった！",2,,"ララフトI世の中庭","",0,1695,1265,900,"ウィンドシャード","グレイスキッパー","セルリアンローチ","ブラッドアイフロッグ","ゴールデンロブスター","バウンティグッピー","聖ファスリクの石頭","ゴールドハマー","","","",3313,215
225,70,"","","",2,,"ララフトIV世の地下神殿","",0,320,1385,1800,"ウィンドシャード","ビッグアーチャー","イエローピピラ","ロバークラブ","クラウンテトラ","エリオプス","シークインピラルク","ロックワの衛士","ロンカの大水蛇？","","",3315,217
226,70,"","","",2,,"ララフトIV世の地下神殿","",0,435,990,600,"ウィンドシャード","ビッグアーチャー","イエローピピラ","オウスフィッシュ","ダークルート","ダイヤモンドピピラ","パーリーピピラ","","","","",3316,218
227,70,"","","",2,,"ララフトIV世の地下神殿","",0,750,1025,900,"ウィンドシャード","ビッグアーチャー","イエローピピラ","ラケティカトラウト","ナイツバス","ブラックトライスター","ブラックジェットストリーム","","","","",3317,219
228,70,"","","",2,,"ララフトIV世の地下神殿","",0,1150,1530,1200,"ウィンドシャード","ビッグアーチャー","イエローピピラ","ラケティカトラウト","ナイツバス","ロバークラブ","シルバーキティ","レコードキラー","","","",3318,220
229,80,"","","",2,"","ララフトIV世の地下神殿","",0,340,760,300,"ウィンドシャード","ビッグアーチャー","オウスフィッシュ","ダークルート","常闇魚","底闇魚","","","","","",3319,221
230,80,"","","",1,"","武力の間","",0,510,280,900,"ウィンドシャード","黒風魚","暗紫珊瑚","キャリバンズスケイル","シャボンアンコウ","オンドの銛","オンドの溜息","","","","",3320,222
231,79,"","","",1,,"武力の間","",0,1835,300,300,"ウィンドシャード","黒風魚","暗紫珊瑚","キャリバンズスケイル","スティップリングイール","オンドの宿敵","オンドの仇敵","","","","",3321,223
232,79,"水の影が大きくうねった！","大きくうねった水の影を見失ってしまった…","水の影が再び大きくうねった！",1,,"武力の間","",0,545,495,300,"ウィンドシャード","黒風魚","シコラクス","キャリバンズスケイル","フードウィンカー","シートラップ","ムセル","モラ・テクタ","ミズウオ","","",3322,224
233,80,"","","",1,,"武力の間","",0,260,625,600,"ウィンドシャード","黒風魚","シコラクス","エンシェントシュリンプ","キワヒルスタ","アーポアク","ゴンザーロスラッグ","マルヒルスタ","","","",3323,225
234,80,"","","",1,,"武力の間","",0,375,730,300,"ウィンドシャード","黒風魚","シコラクス","フードウィンカー","シアンシーデビル","メンダコ","オヤメンダコ","","","","",3324,226
235,79,"","","",1,,"武力の間","",0,1630,1480,600,"ウィンドシャード","黒風魚","シコラクス","人食貝","アオウミグモ","スターゲイザーフィッシュ","プルプラコッド","スターチェイサー","","","",3325,227
236,80,"","","",1,,"武力の間","",0,1400,695,900,"ウィンドシャード","黒風魚","シコラクス","エディブルオイスター","アオウミグモ","レインボーシュリンプ","プレデターフィッシュ","イル・リダ","オパールシュリンプ","","",3326,228
237,1,"ルガディン族のような男と目があった気がした！","ルガディン族のような男を見失ってしまった……。","ルガディン族のような男と再び目があった気がした！",1,,"機関部圧縮室","オーシャンフィッシング",3444,1025,1025,300,"ウィンドシャード","ガラディオンゴビー","ガラディオンアンチョビ","レオパードイール","ジャスパーヘッド","ターニッシュシャーク","ローズブリーム","シアンオクトパス","ヘヴンリーフィッシュ","スペクトラルメガロドン",,3448,229
238,1,"海面に星のような不思議な輝きが見えた！","星のような不思議な輝きを見失ってしまった……。","海面に星のような不思議な輝きが再び見えた！",1,,"機関部圧縮室","オーシャンフィッシング",3444,1025,1025,300,"ファイアシャード","マーマンヘアー","キー・オブ・ヘヴン","ゴーストシャーク","フィッシュモンガー","リムレーンプリント","ネイルドオイスター","クイックシルバーブレード","ファンネルシャーク","ニンブルダンサー",,3449,230
239,1,"リヴァイアサンのような影がよぎった！","リヴァイアサンのような影を見失ってしまった……。","リヴァイアサンのような影が再びよぎった！",1,,"機関部圧縮室","オーシャンフィッシング",3445,1025,1025,300,"ウィンドシャード","グールバラクーダ","ラノシアンジェリー","サニーバタフライ","マリンボム","シャギーシードラゴン","モモラ・モラ","メルトールバタフライ","グラディウス","スペクトラルディスカス",,3450,231
240,1,"海底で珊瑚のようなものがうごめいた！","珊瑚のようなものを見失ってしまった……。","海底で珊瑚のようなものが再びうごめいた！",1,,"機関部圧縮室","オーシャンフィッシング",3445,1025,1025,300,"ファイアシャード","シーネトル","グランドマーリン","レックドクロス","シャーラタンサバイバー","ハイエーテルラウス","アーゼマの垂衣","エーテリックシードラゴン","ミスリルソブリン","ロガサウルス",,3451,232
241,1,"海中に甲冑のような鈍い輝きが見えた！","甲冑のような鈍い輝きを見失ってしまった……。","海中に甲冑のような鈍い輝きが再び見えた！",1,,"機関部圧縮室","オーシャンフィッシング",3447,1025,1025,300,"ウィンドシャード","ロータノワフー","ロータノサーディン","ディープシー・プレイス","クリムゾンモンクフィッシュ","クロムハンマーヘッド","オーガイール","ダークノーチラス","ランプフィッシュ","スペクトラルバス",,3454,235
242,1,"海底で岩塊のようなものがうごめいた！","岩塊のようなものを見失ってしまった……。","海底で岩塊のようなものが再びうごめいた！",1,,"機関部圧縮室","オーシャンフィッシング",3447,1025,1025,300,"ファイアシャード","アロナクス","フラッフィー","サイレンサー","ディープシーイール","エクスキューショナー","フローティングソーサー","バラマンディ","プロディガルサン","スネイルフィッシュ",,3455,236
243,1,"流星のような赤い輝きがよぎった！","流星のような赤い輝きを見失ってしまった……。","流星のような赤い輝きが再びよぎった！",1,,"機関部圧縮室","オーシャンフィッシング",3446,1025,1025,300,"ウィンドシャード","ドリフトアイスフィッシュ","メガスキッド","オシュオンズストーン","スロウンダガー","トライポッド","スパイダークラブ","メルトールロブスター","エルダー・ディニクティス","スペクトラルシーホース",,3452,233
244,1,"海中に絶滅種と思しき影がゆらめいた！","絶滅種と思しき影を見失ってしまった……。","絶滅種と思しき影が再びゆらめいた！",1,,"機関部圧縮室","オーシャンフィッシング",3446,1025,1025,300,"ファイアシャード","ハンマーロブスター","コッコステウス","ザ・チョッパー","タイガーキャットコッド","モッピィビアード","ワイルドアーチン","ググリューサウルス","コーラルシードラゴン","フォーレンワン",,3453,234
245,70,"","","",2,,"ララフトIV世の地下神殿","",0,1250,1785,600,"ウィンドシャード","ビッグアーチャー","イエローピピラ","金貨魚","黒き木塊","ロンカブリオン","ゴールデンピピラ","","","","",3458,237
246,1,"海中から凶暴なオーラを感じる！","凶暴なオーラを感じなくなってしまった……","海中から凶暴なオーラを再び感じた！",1,,"機関部圧縮室","オーシャンフィッシング",3641,1025,1025,300,"ウィンドシャード","トータスシェルクラブ","エドヴィアの指輪","メタルボックス","グゥーブーレイ","シーワモーラ","キングコブラフィッシュ","ママヒマヒ","ラバンジンレモラ","スペクトラルバタフライ",,3621,238
247,1,"海中をうごめく巨大な触手の影がよぎった！","巨大な触手の影を見失ってしまった……","海中を巨大な触手の影が再びよぎった！",1,,"機関部圧縮室","オーシャンフィッシング",3641,1025,1025,300,"ファイアシャード","タイタンシェルクラブ","ミスリルボックス","霧髭の盃","アノマロカリス・サロン","フレイミングイール","ジェットフライマンタ","デビルスティンガー","カリクティス","フローティング・モラ",,3622,239
248,1,"ゴブリン族のような瞳と目があった気がした！","ゴブリン族のような瞳を見失ってしまった……","ゴブリン族のような瞳と再び目があった気がした！",1,,"機関部圧縮室","オーシャンフィッシング",3642,1025,1025,300,"ウィンドシャード","サリャクリバークラブ","ラールガーの星屑","トゥルースキャッド","ブラッディハンプヘッド","ブラッディポリッシュ","ブルーニードル","ブラッディトゥーナ","サンクンマスク","スペクトラルイール",,3623,240
249,1,"海では見かけないはずの生物の姿がよぎった！","海では見かけないはずの生物を見失ってしまった……","海では見かけないはずの生物の姿が再びよぎった！",1,,"機関部圧縮室","オーシャンフィッシング",3642,1025,1025,300,"ファイアシャード","オラクルクラブ","ドラヴァニアンブリーム","スコルドミンニー","セレーテッドクラム","ビティフィックビジョン","エクスターミネーター","ゴーリィトゥーナ","ティキネポミス","クォーツハンマーヘッド",,3624,241
250,1,"海中で美しい葉のような影が舞いだした！","葉のような影を見失ってしまった……","海中で葉のような影が再び舞いだした！",1,,"機関部圧縮室","オーシャンフィッシング",3643,1025,1025,300,"ウィンドシャード","パフィークロウ","ロズリトケルプ","ホオズキクラゲ","ハニカムフィッシュ","海神の寝台","ランスケネット","サベネアンシャーク","ネフライトイール","スペクトラルザウルス",,3625,242
251,1,"海中から何かを噛み砕くような鈍い音が聞こえた！","鈍い音は聞こえなくなってしまった……","海中から鈍い音が再び聞こえた！",1,,"機関部圧縮室","オーシャンフィッシング",3643,1025,1025,300,"ファイアシャード","ガルームポット","シーパンサー","ロズリトムール","ジュヴナイル・リヴィ","パールボム","バシバシ","パノプテス","ゴールデンソール","ナイフジョー",,3626,243
252,80,"","","",1,,"フォールゴウド秋瓜湖畔","",0,1074,1518,2400,"ウィンドシャード","ペクテン","ノーザンヘリング","ドッグフェイスパファー","コバルトクロミス","ギターフィッシュ","エレキギターフィッシュ","","","","",4050,244
253,80,"","","",2,,"フォールゴウド秋瓜湖畔","",0,1024,732,2100,"ウィンドシャード","アスタクス","キクラ・ピニマ","アカデミシャンヘッド","ソードスパインスヌーク","グレートソードスヌーク","","","","","",4051,245
254,80,"","","",2,,"フォールゴウド秋瓜湖畔","",0,670,980,300,"ウィンドシャード","アスタクス","千慮魚","シーダーリア","万慮魚","","","","","","",4052,246
255,81,"","","",2,,"ハズーバ支流：上流","",0,831,221,450,"ウィンドシャード","ジュニアバタフライ","タップミノー","キクラ・テッセラ","エクスエーテルラウス","ファットスヌーク","ジャンボスヌーク","","","","",4053,247
256,81,"","","",2,,"ハズーバ支流：上流","",0,878,496,900,"ウィンドシャード","ジュニアバタフライ","カラープロキロダス","クセノキプリス","メソナウタ","グリーンサーモン","モスグリーンサーモン","","","","",4054,248
257,82,"","","",2,,"ハズーバ支流：上流","",0,1561,409,450,"ウィンドシャード","ジュニアバタフライ","ライアマス","クセノキプリス","レッドボウフィン","スワンプボウフィン","","","","","",4055,249
258,82,"","","",2,,"ハズーバ支流：上流","",0,1366,726,1800,"ウィンドシャード","ジュニアバタフライ","マクロブラキウム・ラー","クセノキプリス","ブロウガンナー","イージス・オブ・ハルオーネ","ダークナイフフィッシュ","オニキスナイフフィッシュ","","","",4056,250
259,82,"大きな尻尾が水面を叩いた！","水面の波紋は鎮まってしまったようだ……。","大きな尻尾が再び水面を叩いた！",2,,"ハズーバ支流：上流","",0,972,756,600,"ウィンドシャード","ジュニアバタフライ","アスタクス・エーテリウス","クセノキプリス","ラヴィリンソス・ティラピア","サーキット・ティラピア","ヒファロサウルス","","","","",4057,251
260,82,"","","",2,,"タホトトル湖畔","",0,459,989,1350,"ウィンドシャード","マタンガンノーズ","シーマドゥータ","ロングイヤーサンフィッシュ","シルバードラド","イアフルサンフィッシュ","","","","","",4058,252
261,81,"","","",1,,"ハズーバ支流：中流","",0,1228,1764,600,"ウィンドシャード","サベネアンゴビー","ケイークソール","ギュルクラブ","パンサーグルーパー","ラーレギュルクラブ","","","","","",4059,253
262,81,"","","",1,,"ハズーバ支流：中流","",0,428,1618,1800,"ウィンドシャード","サベネアンゴビー","ケイークソール","婚宴の絹","シャドウサーディン","パクシャフィッシュ","灰白珊瑚","ジンガ","ドゥルディナフィッシュ","","",4060,254
263,82,"","","",1,,"ハズーバ支流：中流","",0,438,1090,600,"ウィンドシャード","サベネアンゴビー","ケイークソール","ガルジャナ・ラス","ゴールデンバラマンディ","サリクユク","ヴィジュヴァト・ラス","","","","",4061,255
264,82,"","","",2,,"ハズーバ支流：中流","",0,998,360,300,"ウィンドシャード","カジャーヤの落伍者","マーリドフロッグ","ブルーギル","ブロンズピピラ","ヒッポフロッグ","","","","","",4062,256
265,85,"","","",2,,"ハズーバ支流：中流","",0,1500,419,1350,"ウィンドシャード","グリーンソードテール","乳飲魚","トラーナの番人","レッドドラム","トラーナの目付役","","","","","",4063,257
266,85,"","","",2,,"ハズーバ支流：中流","",0,1478,1018,1200,"ウィンドシャード","グリーンソードテール","乳飲魚","鉱炉の飛魚","ビックーダ","シードトード","ビッグビックーダ","","","","",4064,258
267,85,"","","",2,,"ハズーバ支流：中流","",0,1149,675,450,"ウィンドシャード","グリーンソードテール","ラズバリク","ハーフムーンベタ","バナナイール","ブラウンバナナイール","","","","","",4065,259
268,85,"泉底の水草がざわつきはじめた！","水草のざわつきは収まったようだ……。","泉底の水草が再びざわつきはじめた！",2,,"ハズーバ支流：中流","",0,1161,1187,750,"ウィンドシャード","グリーンソードテール","ラズバリク","タイニーハンサ","フラワーホーン","サベネアンカイマン","マーヤーの霊亀","マーヤーカイマン","","","",4066,260
269,85,"大型船のような巨影が水中を横切った！","大型船のような巨影を見失ってしまったようだ……。","大型船のような巨影が再び水中を横切った！",1,"","ハズーバ支流：中流","",0,322,328,900,"ウィンドシャード","ファイヤーゴビー","パパヤフィッシュ","ナルネアオクトパス","ルースターフィッシュ","ドルドン","サベネアンカラマリ","ドンドルドン","ガールシクティス","","",4067,261
270,83,"湖面の水が凍り始めた！","凍った湖面は元通り溶け出したようだ……。","湖面の水が再び凍り始めた！",2,"","ハズーバ支流：下流","",0,504,1484,600,"ウィンドシャード","ガレマールクラム","タイニーアニムス","エブラーナトラウト","セルリアンコア","アイシィガー","フリジッドガー","スノウパレクス","","","",4068,262
271,83,"","","",2,,"ハズーバ支流：下流","",0,1100,408,1800,"ウィンドシャード","ガレマールクラム","黒き帝冠","エブラーナトラウト","インペリアルプレコ","ブルーテイル","キティヘリング","影なる帝冠","","","",4069,263
272,84,"","","",2,,"ハズーバ支流：東","",0,1578,494,2400,"ウィンドシャード","スターブルーグッピー","ムーン・シクリッド","ティアーアイ","レプリカピラルク","オシクラムフィッシュ","イミテーションピラルク","","","","",4070,264
273,85,"","","",7,"","ハズーバ支流：東","",0,1498,1560,300,"ウィンドシャード","魘魚","ツーユィー","不完全菌類987","ルナ・デスワーム","クロロフォス・デスワーム","レポセラス・エレガンス","","","","",4071,265
274,85,"","","",7,,"ハズーバ支流：東","",0,1090,1538,600,"ウィンドシャード","魘魚","ツーユィー","霊岩の剣","レゴリストータス","フローズン・レゴリストータス","","","","","",4072,266
275,86,"","","",2,,"さざめき川","",0,508,876,1800,"ウィンドシャード","アイルスキッパー","アルビノローチ","イーリバイニオン","ゴールデンシャイナー","マンガル","水面の恒星","","","","",4073,267
276,87,"","","",2,,"さざめき川","",0,1202,440,900,"ウィンドシャード","アイルスキッパー","デルモゲニー","イーリバイニオン","コロソマ","ピュッリノス","ゴールデン・デルモゲニー","","","","",4074,268
277,87,"","","",2,,"さざめき川","",0,1634,762,1500,"ウィンドシャード","アイルスキッパー","アンテイア","イーリバイニオン","スマラグドス","アンテイア・ダーリア","フルカカウダ","","","","",4075,269
278,88,"","","",7,,"ゴブリン族の生簀","",0,994,1756,300,"ウィンドシャード","スーパーストリングス","エアーシュリンプ","スターイーター","コズミック・ノイズ","コズミック・ヘイズ","","","","","",4076,272
279,89,"","","",7,,"ゴブリン族の生簀","",0,426,1476,300,"ウィンドシャード","スーパーストリングス","グラスフィッシュ","スターイーター","フォン・ミィーク","フォン・アールム","","","","","",4077,271
280,90,"","","",7,,"ゴブリン族の生簀","",0,298,1062,300,"ウィンドシャード","スーパーストリングス","ドラゴンスケール","スターイーター","イプピアーラ","エー・フォーネシ","ギルトロブスター","エー・ファン","","","",4078,270
281,84,"","","",2,,"ゴブリン族の生簀","",0,698,528,600,"ウィンドシャード","プロトボディ","カトプトロン","天狗星の欠片","アオイデ","破軍星の欠片","","","","","",4079,273
282,84,"","","",2,,"ゴブリン族の生簀","",0,1079,389,750,"ウィンドシャード","プロトボディ","カトプトロン","ワンダリングスター","オービティングスター","","","","","","",4080,274
283,89,"","","",9,,"ゴブリン族の生簀","",0,212,1706,900,"ウィンドシャード","ワームホールワーム","未確認飛行生物II","ソフォス・デカオクト","二十四脚文明人","テリファイングウェイ","メロトーン星人","キャロットモンスター","フォービディングウェイ","","",4081,275
284,90,"","","",9,,"ゴブリン族の生簀","",0,1824,406,900,"ウィンドシャード","ワームホールワーム","未確認飛行生物II","トリアイナ","アルゴノート","エキノス","スペースビショップ","アルケトス","アルゴノート・アルゴ","","",4082,276
285,90,"巨大な残留思念を感じ取った！","巨大な残留思念は遠ざかっていったようだ……。","巨大な残留思念を再び感じ取った！",9,"","ゴブリン族の生簀","",0,1202,808,600,"ウィンドシャード","ワームホールワーム","未確認飛行生物II","トリアイナ","地平よりの帰還者","E.B.E-9318","アンビゴッテン","パライナ","E.B.E-852738","スターホエール","",4083,277
286,1,"海面を巨大な背ビレが横切った！","巨大な背ビレを見失ってしまった……。","海面を巨大な背ビレが再び横切った！",1,,"機関部圧縮室","オーシャンフィッシング",4363,1025,1025,300,"ウィンドシャード","ディープサーディン","セイレーンムセル","アロウヘッド","ピンクシュリンプ","シンギングマレ","セルキーパファー","詩人のオカリナ","マタンガスイマー","スペクトラルシーラカンス",,4367,278
287,1,"船底近くに危険な気配を感じた！","危険な気配は遠ざかったようだ……。","船底近くに危険な気配を再び感じた！",1,,"機関部圧縮室","オーシャンフィッシング",4363,1025,1025,300,"ファイアシャード","人魚の鱗","ブロードヘッド","ビビッドピンクシュリンプ","ディープシーラカンス","セイレーンの吐息","ブラックヘリコプリオン","オクトパスインポスター","ジェイドマンティス","ニメーヤの紡車",,4368,279
288,1,"水中を紅白の紐のようなものが横切った！","紅白の紐のようなものを見失ってしまった……。","水中を紅白の紐のようなものが再び横切った！",1,,"機関部圧縮室","オーシャンフィッシング",4364,1025,1025,300,"ウィンドシャード","クガネニシン","ウズマキサザエ","斑海老","ヤリイカ","火袋海月","マダラタツ","ハタタテハゼ","ネズミザメ","幻海求仙",,4369,280
289,1,"海中に蒼い閃光がよぎった！","蒼い閃光を見失ってしまった……。","海中に青い閃光が再びよぎった！",1,,"機関部圧縮室","オーシャンフィッシング",4364,1025,1025,300,"ファイアシャード","コバンウツボ","宝彩海老","ドクヒラアジ","ケンサキイカ","ヨロイウオ","イダテントビウオ","タツマキサザエ","ショウシツキ","サカタザメ",,4370,281
290,1,"海中から虎のような気配を感じた！","虎のような気配を感じなくなってしまった……。","海中から虎のような気配を再び感じた！",1,,"機関部圧縮室","オーシャンフィッシング",4365,1025,1025,300,"ウィンドシャード","ベニコンブ","アオリイカ","マツカワガレイ","ハゴロモウツボ","馬海老","サンバソウ","シスイハゼ","蒼の仁王","幻海大蛇",,4371,282
291,1,"海水温が急上昇している！","海水温は低下したようだ……。","海水温が再び急上昇している！",1,,"機関部圧縮室","オーシャンフィッシング",4365,1025,1025,300,"ファイアシャード","バショウイカ","弓馬海老","オハグロナマコ","センベイダコ","タコクイ","ベッコウダンゴウオ","黄菖蒲","紅の仁王","オオスルメイカ",,4372,283
292,1,"水草が奇妙なゆらめきをみせた！","水草のゆらめきは静まってしまった……。","水草が再び奇妙なゆらめきをみせた！",2,,"機関部圧縮室","オーシャンフィッシング",4366,1025,1025,300,"ウィンドシャード","ヘラブナ","ガレアンギル","ヤンサスッポン","ヒメマス","墨鱗魚","無二海老","錦鯉","ヤンサチョウザメ","幻海骨舌",,4373,284
293,1,"水中から梅の香りを感じた！","梅の香りを感じなくなってしまった……。","水中から梅の香りを再び感じた！",2,,"機関部圧縮室","オーシャンフィッシング",4366,1025,1025,300,"ファイアシャード","玄水海老","ヤトノカミ","アオサギウナギ","烏貝","ムニゴビー","ニジマス","モドリナマズオ","鰐魚","銀鱗五色",,4374,285
294,90,"","","",2,,"[拡張街]ヤイヌ・パーの円庭","",0,734,860,300,"ウィンドシャード","モスキートフィッシュ","ペルフロッグ","ブラックテトラ","","","","","","","",5037,286
295,90,"","","",1,,"[拡張街]ヤイヌ・パーの円庭","",0,833,1679,1000,"ウィンドシャード","理王魚","スターダストシュリンプ","呑んべぇ魚","ゴーストフィッシュ","パーミット","","","","","",5038,287
296,91,"","","",1,,"[拡張街]ヤイヌ・パーの円庭","",0,1432,1275,1800,"ウィンドシャード","理王魚","縦笛魚","ブルーパース","金の鉾","キングパファー","","","","","",5039,288
297,91,"","","",8,,"[拡張街]樹冠商店街（居住区担当官）","",0,967,1328,400,"ウィンドシャード","シーアルパカ","マーブルハチェット","スターキャッチャー","オルコトラウト","石切の刃","","","","","",5040,289
298,92,"","","",8,,"[拡張街]樹冠商店街（居住区担当官）","",0,950,1796,600,"ウィンドシャード","チーワグーローチ","オーラーオーラーオーラー","ウーパールー","流星の銀尾","","","","","","",5041,290
299,93,"","","",2,"","[拡張街]樹冠商店街（居住区担当官）","",0,265,966,1000,"ウィンドシャード","ファーストエッグ","オルコミズガエル","ゼー・トートー","ホドホド","深奥の証人","ピラルク・コォー","","","","",5042,291
300,92,"","","",2,,"[拡張街]エンドレスドラフト","",0,482,570,1500,"ウィンドシャード","コザマル・スキッパー","ボポル・スリーパー","ダイフロッグ","マタ・マタマタ","ウユー・シャゲ","","","","","",5043,292
301,91,"","","",2,,"[拡張街]エンドレスドラフト","",0,1096,596,1200,"ウィンドシャード","コザマル・スキッパー","ボポル・スリーパー","オオザラガニ","ヨカフイプレコ","","","","","","",5044,293
302,93,"","","",2,,"[拡張街]エンドレスドラフト","",0,1411,550,600,"ファイアシャード","コザマル・スキッパー","ボポル・スリーパー","カンディル","タライーラ","ウッドキャット","","","","","",5045,294
303,93,"","","",2,,"[拡張街]エンドレスドラフト","",0,1842,1612,600,"ウィンドシャード","オホ・フヌ","ブロンズプレコ","クレニシクラ","","","","","","","",5046,295
304,94,"","","",2,,"[拡張街]エンドレスドラフト","",0,1948,704,600,"ウィンドシャード","オホ・フヌ","ブロンズプレコ","ツクナレ・フォーゴ","ペルベイン","タライロン","","","","","",5047,296
305,93,"","","",2,,"[拡張街]エンドレスドラフト","",0,1085,1004,800,"ウィンドシャード","クルビターリング","クルの処刑人","コーンデイス","カ・プィフ","","","","","","",5048,297
306,94,"","","",2,,"[拡張街]エンドレスドラフト","",0,672,1381,2000,"ウィンドシャード","リガカグッピー","団子魚","バンデッド・カンディル","オキシドラス","","","","","","",5049,298
307,95,"","","",2,,"[拡張街]エンドレスドラフト","",0,1237,1528,800,"ウィンドシャード","リガカグッピー","団子魚","ポルカドット・モトロ","キクラ・モノクルス","シャベルノーズキャット","","","","","",5050,299
308,93,"","","",2,,"[拡張街]ゴブレット市場","",0,359,543,600,"ウィンドシャード","スパークルフィッシュ","ウトォームの夜明け","ベロネソックス","シャダータラト・シクリッド","","","","","","",5051,300
309,92,"","","",2,,"[拡張街]ゴブレット市場","",0,632,584,500,"ウィンドシャード","スパークルフィッシュ","ウトォームの夜明け","セイルフィン","フンム・オブ","","","","","","",5052,301
310,94,"","","",2,,"[拡張街]ゴブレット市場","",0,906,389,800,"ウィンドシャード","スパークルフィッシュ","ウトォームの夜明け","アポダ","ミラーカープ","","","","","","",5053,302
311,94,"","","",2,,"[拡張街]ゴブレット市場","",0,1538,289,1800,"ウィンドシャード","ゾユ・ム","イクラシュの枯葉","御使いの母","ヤクテルサラマンダー","ブラックアロワナ","","","","","",5054,303
312,94,"","","",2,"","[拡張街]ゴブレット市場","",0,1611,779,800,"ウィンドシャード","雲空魚","ショブリトロブスター","ゴールデンアクソロトル","ホーンドフロッグ","","","","","","",5055,304
313,95,"","","",2,,"[拡張街]ゴブレット市場","",0,352,1308,400,"ウィンドシャード","マッドフィッシュ","トラルドクトカゲ","ヤクテルキャットフィッシュ","アシクビナマズ","","","","","","",5056,305
314,96,"","","",2,,"[拡張街]ゴブレット市場","",0,1035,964,800,"ウィンドシャード","マッドフィッシュ","ヤクテルキャットフィッシュ","チェッカードシクリッド","モシュトラル・ガー","","","","","","",5057,306
315,96,"","","",2,,"[拡張街]ゴブレット市場","",0,936,1546,1800,"ウィンドシャード","マッドフィッシュ","ヤクテルキャットフィッシュ","ヴァリアタス","星粒魚","トゥルーソーサー","","","","","",5058,307
316,96,"","","",2,,"[拡張街]ゴブレット市場","",0,1697,1581,1000,"ウィンドシャード","マッドフィッシュ","ヤクテルキャットフィッシュ","幻煌魚","ファロウェラ","","","","","","",5059,308
317,95,"","","",2,,"[拡張街]ゴブレット市場","",0,1222,1898,800,"ウィンドシャード","マッドフィッシュ","ヤクテルキャットフィッシュ","ブラインドブロトゥラ","ヤクテルカイマン","","","","","","",5060,309
318,97,"","","",1,"","[拡張街]ゴブレット市場","",0,1793,1243,800,"ウィンドシャード","ウトォーム・ティーカ","シャークノーズゴビー","ヤク・クラブ","シャティーンベク・スリーパー","チェインシャーク","","","","","",5061,310
319,95,"","","",2,,"[拡張街]ブリミングハート広場","",0,1438,318,600,"ウィンドシャード","ボニーテールチャブ","ニーケレピトラウト","パリヨーナン・シクリッド","シャーローニサーモン","","","","","","",5062,311
320,96,"","","",2,,"[拡張街]ブリミングハート広場","",0,1524,637,1000,"ウィンドシャード","ボニーテールチャブ","ニーケレピトラウト","トレイルトラウト","トーリ・サッカー","トラルパドルフィッシュ","","","","","",5063,312
321,95,"","","",4,,"[拡張街]ブリミングハート広場","",0,753,1860,1000,"ウィンドシャード","ゾーゴーコア","クラウドリボン","ゾーゴースコーピオン","瀑布の徨霊","ゾーゴーコンドル","","","","","",5064,313
322,96,"","","",4,,"[拡張街]ブリミングハート広場","",0,1603,1860,1000,"ウィンドシャード","ゾーゴーコア","クラウドワスプ","フライングスキッド","エクストリームシャーク","アングリーハヌハヌヘッド","","","","","",5065,314
323,97,"","","",2,,"[拡張街]ナナモ大風車","",0,938,394,1400,"ウィンドシャード","ヘリテージローチ","アウトノーズ","パンプキンシードギル","タイガーマスキー","","","","","","",5066,315
324,97,"","","",2,,"[拡張街]ナナモ大風車","",0,605,818,1500,"ウィンドシャード","ヘリテージローチ","アウトノーズ","ブラッククラッピー","ドリフトトラウト","","","","","","",5067,316
325,98,"","","",2,,"[拡張街]ナナモ大風車","",0,1025,1561,1800,"ウィンドシャード","エレクトロベタ","サンダーレッド","ヤースラニボウフィン","エレクトロフラウンダー","","","","","","",5068,317
326,98,"","","",2,,"[拡張街]ナナモ大風車","",0,288,1647,1000,"ウィンドシャード","エレクトロベタ","サンダーレッド","ヤースラニボウフィン","ゴールデングルーパー","","","","","","",5069,318
327,98,"","","",2,,"[拡張街]紫水桟橋","",0,499,1505,1800,"ウィンドシャード","エバーヤビー","スティックルバック","ソリューションクリーナー","モザイクローチ","","","","","","",5070,319
328,99,"","","",2,,"[拡張街]ラウバーンの腕","",0,311,665,400,"ウィンドシャード","ローズフロッグ","ナイトゴビー","ウィンドパスイール","ハーレクインランサー","","","","","","",5071,320
329,100,"","","",2,,"[拡張街]ラウバーンの腕","",0,578,525,300,"ウィンドシャード","ローズフロッグ","ナイトゴビー","クレイランカープ","スネークヘッド","","","","","","",5072,321
330,99,"","","",2,,"[拡張街]ラウバーンの腕","",0,759,608,600,"ウィンドシャード","ローズフロッグ","ナイトゴビー","ダトニオ","ネオアロワナ","","","","","","",5073,322
331,99,"","","",1,,"[拡張街]ラウバーンの腕","",0,665,1687,1050,"ウィンドシャード","カナルブリーム","アイリス・ラス","カナルドラム","バタフライレイ","ハイドロルーヴァー","","","","","",5074,323
332,100,"","","",1,,"[拡張街]ラウバーンの腕","",0,425,1356,1050,"ウィンドシャード","カナルブリーム","アイリス・ラス","デヴォーションクラム","忘れられた魚","カッパーシャーク","","","","","",5075,324
333,100,"","","",2,"","[拡張街]ラウバーンの腕","",0,1871,1531,500,"ウィンドシャード","イェスタゴールド","スターグラスギバル","スカーレット・クイーン","フィッシュ・アレクサンドリアン","","","","","","",5076,325
334,0,"","","",0,,"","",0,0,0,0,"","","","","","","","","","","",0,0
335,0,"","","",0,,"","",0,0,0,0,"","","","","","","","","","","",0,0
336,0,"","","",0,,"","",0,0,0,0,"","","","","","","","","","","",0,0
10000,70,"","","",2,,"","",0,0,0,0,"","ドマス","コツゼツ","","","","","","","","",2507,0
10001,70,"","","",2,,"","",0,0,0,0,"","第二次復興用のクラウドスキッパー","第二次復興用の瞑想魚","第二次復興用のビターリング","第二次復興用のカイマン","","","","","","",2258,0
10002,1,"","","",2,,"","",0,0,0,0,"","第二次復興用のクラウドスキッパー","第二次復興用の瞑想魚","第二次復興用のクァールフィッシュ","第二次復興用のガー","","","","","","",2259,0
10003,60,"","","",2,,"","",0,0,0,0,"","第二次復興用のクラウドスキッパー","第二次復興用の瞑想魚","第二次復興用のピラルク","第二次復興用のブーメラン","","","","","","",2261,0
10004,80,"","","",5,,"","",0,0,0,0,"","第二次復興用のスプリットクラウド","第二次復興用のヴァンパイアブランケット","第二次復興用のトゥプクスアラ","第二次復興用の特注ロマレオサウルス","第二次復興用の特注コメットフィッシュ","","","","","",2262,0
10005,80,"","","",5,,"","",0,0,0,0,"","第二次復興用のスプリットクラウド","第二次復興用のヴァンパイアブランケット","第二次復興用のフライマンタ","第二次復興用の特注ゴブリパス","第二次復興用の特注アノマロカリス","","","","","",2263,0
10006,80,"","","",5,,"","",0,0,0,0,"","第二次復興用のスプリットクラウド","第二次復興用のヴァンパイアブランケット","第二次復興用のトゥプクスアラ","第二次復興用の特注プテロダクティルス","第二次復興用の特注ラムフォリンクス","","","","","",2264,0
10007,80,"","","",5,,"","",0,0,0,0,"","第二次復興用のスプリットクラウド","第二次復興用のヴァンパイアブランケット","第二次復興用のフライマンタ","第二次復興用の特注スカイフィッシュ","第二次復興用の特注ドラゴンソウル","","","","","",3489,0
10008,70,"","","",2,,"","",0,0,0,0,"","第三次復興用のヤビー","第三次復興用のマリモ","第三次復興用のキャットフィッシュ","第三次復興用のライスフィッシュ","","","","","","",2258,0
10009,1,"","","",2,,"","",0,0,0,0,"","第三次復興用の雷紋魚","第三次復興用のワニガメ","第三次復興用のアロワナ","第三次復興用の泥仙人","","","","","","",2259,0
10010,60,"","","",2,,"","",0,0,0,0,"","第三次復興用のマッドスキッパー","第三次復興用のウシガエル","第三次復興用のゴールデンローチ","第三次復興用のバス","","","","","","",2261,0
10011,80,"","","",5,,"","",0,0,0,0,"","第三次復興用のスコーピオンフライ","第三次復興用のスカイルーム","第三次復興用のプテラノドン","第三次復興用の特注オスカー","第三次復興用の特注アーケオプテリクス","","","","","",2262,0
10012,80,"","","",5,,"","",0,0,0,0,"","第三次復興用のスコーピオンフライ","第三次復興用のスカイルーム","第三次復興用のロイヤルマント","第三次復興用の特注フライマンタ","第三次復興用の特注クラウドシャーク","","","","","",2263,0
10013,80,"","","",5,,"","",0,0,0,0,"","第三次復興用のスコーピオンフライ","第三次復興用のスカイルーム","第三次復興用のスカイメデューサ","第三次復興用の特注モササウルス","第三次復興用の特注ワイバーン","","","","","",2264,0
10014,80,"","","",5,,"","",0,0,0,0,"","第三次復興用のスコーピオンフライ","第三次復興用のスカイルーム","第三次復興用のガーナード","第三次復興用の特注ストームライダー","第三次復興用の特注ヘリコプリオン","","","","","",3489,0
10015,80,"","","",5,,"","",0,0,0,0,"","第三次復興用のスコーピオンフライ","第三次復興用のスカイルーム","第二次復興用の特注ロマレオサウルス","第二次復興用の特注ゴブリパス","第二次復興用の特注コメットフィッシュ","第二次復興用の特注アノマロカリス","","","","",3532,0
10016,80,"","","",5,,"","",0,0,0,0,"","第三次復興用のスコーピオンフライ","第三次復興用のスカイルーム","第二次復興用の特注プテロダクティルス","第二次復興用の特注スカイフィッシュ","第二次復興用の特注ラムフォリンクス","第二次復興用の特注ドラゴンソウル","","","","",3533,0
10017,70,"","","",2,,"","",0,0,0,0,"","第四次復興用のスターフラワー","第四次復興用のシアンクラブ","第四次復興用の不忠蛇","第四次復興用のオプロプケン","","","","","","",2258,0
10018,1,"","","",2,,"","",0,0,0,0,"","第四次復興用のザガス","第四次復興用のゴールドスミスクラブ","第四次復興用のカネヒラ","第四次復興用のスカイローチ","","","","","","",2259,0
10019,60,"","","",2,,"","",0,0,0,0,"","第四次復興用のグレイシャーコア","第四次復興用のキッシング・グラミー","第四次復興用の斬馬魚","第四次復興用のマナセイル","","","","","","",2261,0
10020,80,"","","",5,,"","",0,0,0,0,"","第四次復興用のクリア・ハルオネ","第四次復興用のアンデッドフィッシュ","第四次復興用のホワイトホース","第四次復興用の特注スウェットフィッシュ","第四次復興用の特注マーレラ","","","","","",2262,0
10021,80,"雲海にいびつな巨影がよぎった！","いびつな巨影を見失ってしまった……","雲海にいびつな巨影が再びよぎった！",5,,"","",0,0,0,0,"","第四次復興用のクリア・ハルオネ","第四次復興用のアンデッドフィッシュ","第四次復興用のオーシャンクラウド","第四次復興用の特注スカルプター","第四次復興用の特注レッドナミタロ","","","","","",2263,0
10022,80,"","","",5,,"","",0,0,0,0,"","第四次復興用のクリア・ハルオネ","第四次復興用のアンデッドフィッシュ","第四次復興用のクロズキン","第四次復興用の特注リトルサラオス","第四次復興用の特注グリフィン","","","","","",2264,0
10023,80,"雲海を稲妻のような速さで飛ぶ生物を微かに捉えた！","稲妻のような速さで飛ぶ生物を見失ってしまった……","",5,,"","",0,0,0,0,"","第四次復興用のクリア・ハルオネ","第四次復興用のアンデッドフィッシュ","第四次復興用のモラモラ","第四次復興用の特注ブルーストーム","第四次復興用の特注メガネウラ","","","","","",3489,0
10024,80,"","","",5,,"","",0,0,0,0,"","第四次復興用のクリア・ハルオネ","第四次復興用のアンデッドフィッシュ","第二次復興用の特注ロマレオサウルス","第二次復興用の特注ゴブリパス","第二次復興用の特注コメットフィッシュ","第二次復興用の特注アノマロカリス","第三次復興用の特注オスカー","第三次復興用の特注フライマンタ","第三次復興用の特注アーケオプテリクス",,3532,0
10025,80,"","","",5,,"","",0,0,0,0,"","第四次復興用のクリア・ハルオネ","第四次復興用のアンデッドフィッシュ","第二次復興用の特注プテロダクティルス","第二次復興用の特注スカイフィッシュ","第二次復興用の特注ラムフォリンクス","第二次復興用の特注ドラゴンソウル","第三次復興用の特注モササウルス","第三次復興用の特注ストームライダー","第三次復興用の特注ワイバーン",,3533,0
10026,84,"","","",2,,"","",0,1069,1141,200,"ウィンドシャード","プロトボディ","天狗星の欠片","","","","","","","","",4191,0
10027,84,"","","",2,,"","",0,1141,821,600,"ウィンドシャード","プロトボディ","カトプトロン","","","","","","","","",4192,0
10028,84,"","","",2,,"","",0,1172,627,200,"ウィンドシャード","プロトボディ","天狗星の欠片","","","","","","","","",4193,0
10029,84,"","","",2,,"","",0,861,1136,800,"ウィンドシャード","プロトボディ","ワンダリングスター","","","","","","","","",4194,0
10030,84,"","","",2,,"","",0,736,1370,800,"ウィンドシャード","プロトボディ","ワンダリングスター","カトプトロン","","","","","","","",4195,0
