key,0,1,2,3,4,5,6,7,8,9,10
#,,,Category,,,,StampIcon,,,,Name
int32,int32,int32,GroupPoseStampCategory,uint16,byte,uint32,Image,bit&01,bit&02,bit&04,str
0,0,0,"未設定",0,10,0,,False,False,False,"未設定"
1,120021,2,"コンテンツ",200,10,0,,False,False,False,"Start"
2,120022,2,"コンテンツ",201,10,0,,False,False,False,"Complete!"
3,0,0,"未設定",0,0,0,,False,False,False,""
4,120024,2,"コンテンツ",203,10,0,,False,False,False,"Restart"
5,120001,2,"クエスト",100,10,0,,False,False,False,"Quest Accepted"
6,120002,2,"クエスト",101,10,0,,False,False,False,"Quest Complete!"
7,120081,2,"F.A.T.E.",303,10,0,,False,False,False,"F.A.T.E. Joined"
8,120082,2,"F.A.T.E.",304,10,0,,False,False,False,"F.A.T.E. Complete!"
9,0,0,"未設定",0,0,0,,False,False,False,""
10,120111,2,"全般",10,10,0,,False,False,False,"Level Up!"
11,121561,2,"ゴールドソーサー",400,10,0,,False,False,False,"G.A.T.E. Joined"
12,121562,2,"ゴールドソーサー",401,10,0,,False,False,False,"G.A.T.E. Complete!"
13,0,0,"未設定",0,0,0,,False,False,False,""
14,121551,2,"ゴールドソーサー",403,10,0,,False,False,False,"チョコボレース：Start"
15,121552,2,"ゴールドソーサー",404,10,0,,False,False,False,"チョコボレース：Goal"
16,121553,2,"ゴールドソーサー",405,10,0,,False,False,False,"チョコボレース：Challenge Complete!"
17,121501,2,"ゴールドソーサー",406,10,0,,False,False,False,"モンスタートス：Nice!!"
18,121502,2,"ゴールドソーサー",407,10,0,,False,False,False,"モンスタートス：Miss"
19,121511,2,"ゴールドソーサー",408,10,0,,False,False,False,"ミニゲーム：Excellent!!"
20,121512,2,"ゴールドソーサー",409,10,0,,False,False,False,"ミニゲーム：Great!!"
21,121513,2,"ゴールドソーサー",410,10,0,,False,False,False,"ミニゲーム：Good!"
22,0,0,"未設定",0,0,0,,False,False,False,""
23,120114,2,"全般",23,10,0,,False,False,False,"Light Party"
24,120115,2,"全般",24,10,0,,False,False,False,"Full Party"
25,120119,2,"全般",11,10,0,,False,False,False,"Level Down..."
26,230651,2,"タイトルロゴ",2,10,0,,True,False,False,"FINAL FANTASY XIV ONLINE (White)"
27,230652,2,"タイトルロゴ",1,10,0,,True,False,False,"FINAL FANTASY XIV ONLINE (Black)"
28,0,0,"未設定",0,0,0,,False,False,False,""
29,230715,1,"国旗",15,1,70495,,True,False,False,"国旗：アレクサンドリア"
30,230111,1,"トリプルトライアド",1,10,0,,True,False,False,"トリプルトライアド：★"
31,230112,1,"トリプルトライアド",2,10,0,,True,False,False,"トリプルトライアド：★★"
32,230113,1,"トリプルトライアド",3,10,0,,True,False,False,"トリプルトライアド：★★★"
33,230114,1,"トリプルトライアド",4,10,0,,True,False,False,"トリプルトライアド：★★★★"
34,230115,1,"トリプルトライアド",5,10,0,,True,False,False,"トリプルトライアド：★★★★★"
35,230120,1,"トリプルトライアド",12,10,0,,True,False,False,"トリプルトライアド：1"
36,230121,1,"トリプルトライアド",13,10,0,,True,False,False,"トリプルトライアド：2"
37,230122,1,"トリプルトライアド",14,10,0,,True,False,False,"トリプルトライアド：3"
38,230123,1,"トリプルトライアド",15,10,0,,True,False,False,"トリプルトライアド：4"
39,230124,1,"トリプルトライアド",16,10,0,,True,False,False,"トリプルトライアド：5"
40,230125,1,"トリプルトライアド",17,10,0,,True,False,False,"トリプルトライアド：6"
41,230126,1,"トリプルトライアド",18,10,0,,True,False,False,"トリプルトライアド：7"
42,230127,1,"トリプルトライアド",19,10,0,,True,False,False,"トリプルトライアド：8"
43,230128,1,"トリプルトライアド",20,10,0,,True,False,False,"トリプルトライアド：9"
44,230129,1,"トリプルトライアド",21,10,0,,True,False,False,"トリプルトライアド：A"
45,230119,1,"トリプルトライアド",11,10,0,,True,False,False,"トリプルトライアド：0"
46,230711,1,"国旗",11,10,0,,True,False,False,"国旗：シャーレアン"
47,230713,1,"国旗",12,10,0,,True,False,False,"国旗：ラザハン"
48,230712,1,"国旗",13,10,0,,True,False,False,"国旗：ガレマール"
49,230714,1,"国旗",14,10,0,,True,False,False,"国旗：トライヨラ"
50,230701,1,"国旗",2,10,0,,True,False,False,"国旗：グリダニア"
51,230702,1,"国旗",1,10,0,,True,False,False,"国旗：リムサ・ロミンサ"
52,230703,1,"国旗",3,10,0,,True,False,False,"国旗：ウルダハ"
53,230704,1,"国旗",4,10,0,,True,False,False,"国旗：イシュガルド"
54,230705,1,"国旗",5,10,0,,True,False,False,"国旗：アラミゴ"
55,230706,1,"国旗",6,10,0,,True,False,False,"国旗：クガネ"
56,230707,1,"国旗",7,10,0,,True,False,False,"国旗：ドマ"
57,230708,1,"国旗",8,10,0,,True,False,False,"国旗：クリスタリウム"
58,230709,1,"国旗",9,10,0,,True,False,False,"国旗：ユールモア"
59,230710,1,"国旗",10,10,0,,True,False,False,"国旗：ボズヤ"
60,230626,1,"表情",1,10,0,,True,True,True,"表情：素顔"
61,230627,1,"表情",2,10,0,,True,True,True,"表情：微笑"
62,230628,1,"表情",3,10,0,,True,True,True,"表情：笑顔"
63,230629,1,"表情",4,10,0,,True,True,True,"表情：ウィンク"
64,0,0,"未設定",0,0,0,,False,False,False,""
65,230631,1,"表情",5,10,0,,True,True,True,"表情：自信"
66,230632,1,"表情",6,10,0,,True,True,True,"表情：不敵"
67,230633,1,"表情",7,10,0,,True,True,True,"表情：瞑目"
68,230634,1,"表情",8,10,0,,True,True,True,"表情：呆然"
69,230635,1,"表情",9,10,0,,True,True,True,"表情：感知"
70,230636,1,"表情",10,10,0,,True,True,True,"表情：口をすぼめる"
71,230637,1,"表情",11,10,0,,True,True,True,"表情：真剣"
72,230638,1,"表情",12,10,0,,True,True,True,"表情：柔和"
73,230639,1,"表情",13,10,0,,True,True,True,"表情：満足"
74,230640,1,"表情",14,10,0,,True,True,True,"表情：破顔"
75,230641,1,"表情",15,10,0,,True,True,True,"表情：熟考"
76,0,0,"未設定",0,0,0,,False,False,False,""
77,0,0,"未設定",0,0,0,,False,False,False,""
78,0,0,"未設定",0,0,0,,False,False,False,""
79,0,0,"未設定",0,0,0,,False,False,False,""
80,0,0,"未設定",0,0,0,,False,False,False,""
81,0,0,"未設定",0,0,0,,False,False,False,""
82,0,0,"未設定",0,0,0,,False,False,False,""
83,0,0,"未設定",0,0,0,,False,False,False,""
84,0,0,"未設定",0,0,0,,False,False,False,""
85,0,0,"未設定",0,0,0,,False,False,False,""
86,0,0,"未設定",0,0,0,,False,False,False,""
87,0,0,"未設定",0,0,0,,False,False,False,""
88,0,0,"未設定",0,0,0,,False,False,False,""
89,0,0,"未設定",0,0,0,,False,False,False,""
90,230401,1,"記号",1,10,0,,True,False,False,"記号：感嘆符"
91,230402,1,"記号",2,10,0,,True,False,False,"記号：疑問符"
92,230403,1,"記号",3,10,0,,True,False,False,"記号：感嘆疑問符"
93,230404,1,"記号",4,10,0,,True,False,False,"記号：疑問感嘆符"
94,230405,1,"記号",5,10,0,,True,False,False,"記号：三点リーダー"
95,0,0,"未設定",0,0,0,,False,False,False,""
96,0,0,"未設定",0,0,0,,False,False,False,""
97,0,0,"未設定",0,0,0,,False,False,False,""
98,0,0,"未設定",0,0,0,,False,False,False,""
99,0,0,"未設定",0,0,0,,False,False,False,""
100,230791,2,"コンテンツ",204,1,70501,,True,False,False,"Next Opponent!：1"
101,230792,2,"コンテンツ",205,1,70830,,True,False,False,"Next Opponent!：2"
102,0,0,"未設定",0,0,0,,False,False,False,""
103,0,0,"未設定",0,0,0,,False,False,False,""
104,0,0,"未設定",0,0,0,,False,False,False,""
105,0,0,"未設定",0,0,0,,False,False,False,""
106,0,0,"未設定",0,0,0,,False,False,False,""
107,0,0,"未設定",0,0,0,,False,False,False,""
108,0,0,"未設定",0,0,0,,False,False,False,""
109,0,0,"未設定",0,0,0,,False,False,False,""
110,230101,1,"吹き出し",1,10,0,,True,True,True,"吹き出し：標準"
111,230102,1,"吹き出し",2,10,0,,True,True,True,"吹き出し：思惑"
112,230103,1,"吹き出し",3,10,0,,True,True,True,"吹き出し：びっくり"
113,0,0,"未設定",0,0,0,,False,False,False,""
114,0,0,"未設定",0,0,0,,False,False,False,""
115,0,0,"未設定",0,0,0,,False,False,False,""
116,0,0,"未設定",0,0,0,,False,False,False,""
117,230131,0,"バースデー",1,10,0,,True,False,False,"バースデー：0"
118,230132,0,"バースデー",2,10,0,,True,False,False,"バースデー：1"
119,230133,0,"バースデー",3,10,0,,True,False,False,"バースデー：2"
120,230134,0,"バースデー",4,10,0,,True,False,False,"バースデー：3"
121,230135,0,"バースデー",5,10,0,,True,False,False,"バースデー：4"
122,230136,0,"バースデー",6,10,0,,True,False,False,"バースデー：5"
123,230137,0,"バースデー",7,10,0,,True,False,False,"バースデー：6"
124,230138,0,"バースデー",8,10,0,,True,False,False,"バースデー：7"
125,230139,0,"バースデー",9,10,0,,True,False,False,"バースデー：8"
126,230140,0,"バースデー",10,10,0,,True,False,False,"バースデー：9"
127,230141,0,"バースデー",11,10,0,,True,True,True,"バースデー：モーグリ"
128,230142,0,"バースデー",12,10,0,,True,True,True,"バースデー：クラウン"
129,230143,0,"バースデー",13,10,0,,True,True,True,"バースデー：バルーン"
130,230201,1,"装飾",2,10,0,,True,True,True,"装飾：キラキラ1"
131,230202,1,"装飾",43,10,0,,True,True,True,"装飾：ハート"
132,230203,1,"装飾",21,10,0,,True,True,True,"装飾：フレア"
133,230204,1,"装飾",61,10,0,,True,True,True,"装飾：足あと"
134,230301,1,"装飾",1,10,0,,True,True,True,"装飾：キラキラ1"
135,230302,1,"装飾",110,10,0,,True,True,True,"装飾：サングラス"
136,230303,1,"装飾",42,10,0,,True,True,True,"装飾：ハート"
137,230304,1,"装飾",20,10,0,,True,True,True,"装飾：フレア"
138,230305,1,"装飾",111,10,0,,True,True,True,"装飾：口紅"
139,230306,1,"装飾",60,10,0,,True,True,True,"装飾：足あと"
140,230307,1,"装飾",100,10,0,,True,True,True,"装飾：矢印"
141,230210,1,"装飾",31,10,0,,True,True,True,"装飾：三角形"
142,230211,1,"装飾",33,10,0,,True,True,True,"装飾：四角形"
143,230209,1,"装飾",35,10,0,,True,True,True,"装飾：五角形"
144,230205,1,"装飾",45,10,0,,True,True,True,"装飾：フラワー"
145,230208,1,"装飾",41,10,0,,True,True,True,"装飾：丸ボケ"
146,230206,1,"装飾",51,10,0,,True,True,True,"装飾：音符1"
147,230207,1,"装飾",52,10,0,,True,True,True,"装飾：音符2"
148,230309,1,"装飾",50,10,0,,True,True,True,"装飾：音符"
149,230312,1,"装飾",30,10,0,,True,True,True,"装飾：三角形"
150,230313,1,"装飾",32,10,0,,True,True,True,"装飾：四角形"
151,230311,1,"装飾",34,10,0,,True,True,True,"装飾：五角形"
152,230308,1,"装飾",44,10,0,,True,True,True,"装飾：フラワー"
153,230310,1,"装飾",40,10,0,,True,True,True,"装飾：丸ボケ"
154,230314,1,"装飾",3,10,0,,True,True,True,"装飾：キラキラ2"
155,230212,1,"装飾",4,10,0,,True,True,True,"装飾：キラキラ2"
156,230315,1,"装飾",5,10,0,,True,True,True,"装飾：キラキラ3"
157,230213,1,"装飾",6,10,0,,True,True,True,"装飾：キラキラ3"
158,230316,1,"装飾",7,10,0,,True,True,True,"装飾：キラキラ4"
159,230214,1,"装飾",8,10,0,,True,True,True,"装飾：キラキラ4"
160,230215,1,"装飾",53,10,0,,True,True,True,"装飾：スター"
161,230317,1,"装飾",90,10,0,,True,True,True,"装飾：紙吹雪"
162,0,0,"未設定",0,0,0,,False,False,False,""
163,0,0,"未設定",0,0,0,,False,False,False,""
164,0,0,"未設定",0,0,0,,False,False,False,""
165,0,0,"未設定",0,0,0,,False,False,False,""
166,0,0,"未設定",0,0,0,,False,False,False,""
167,0,0,"未設定",0,0,0,,False,False,False,""
168,0,0,"未設定",0,0,0,,False,False,False,""
169,0,0,"未設定",0,0,0,,False,False,False,""
170,230501,1,"調理品",1,10,0,,True,True,True,"調理品：ミコッテ風山の幸串焼"
171,230502,1,"調理品",2,10,0,,True,True,True,"調理品：アンテロープステーキ"
172,230503,1,"調理品",3,10,0,,True,True,True,"調理品：ドードーオムレツ"
173,230504,1,"調理品",4,10,0,,True,True,True,"調理品：フライドエッグ"
174,230505,1,"調理品",5,10,0,,True,True,True,"調理品：グリルドトラウト"
175,230506,1,"調理品",6,10,0,,True,True,True,"調理品：ミコッテ風海の幸串焼"
176,230507,1,"調理品",7,10,0,,True,True,True,"調理品：パースニップサラダ"
177,230508,1,"調理品",8,10,0,,True,True,True,"調理品：ミコッテ風森の幸串焼"
178,230509,1,"調理品",9,10,0,,True,True,True,"調理品：フラットブレッド"
179,230510,1,"調理品",10,10,0,,True,True,True,"調理品：プレッツェル"
180,230511,1,"調理品",11,10,0,,True,True,True,"調理品：ナイツブレッド"
181,230512,1,"調理品",12,10,0,,True,True,True,"調理品：ビスマルク風エッグサンド"
182,230513,1,"調理品",13,10,0,,True,True,True,"調理品：アップルタルト"
183,230514,1,"調理品",14,10,0,,True,True,True,"調理品：ピースープ"
184,230515,1,"調理品",15,10,0,,True,True,True,"調理品：ジンジャークッキー"
185,230516,1,"調理品",16,10,0,,True,True,True,"調理品：ハートチョコ"
186,230517,1,"調理品",17,10,0,,True,True,True,"調理品：パンプキンクッキー"
187,230518,1,"調理品",18,10,0,,True,True,True,"調理品：オレンジジュース"
188,230519,1,"調理品",19,10,0,,True,True,True,"調理品：マルドティー"
189,230520,1,"調理品",20,10,0,,True,True,True,"調理品：バタードフィッシュ"
190,230521,1,"調理品",21,10,0,,True,True,True,"調理品：イシュガルドマフィン"
191,230522,1,"調理品",22,10,0,,True,True,True,"調理品：バゲット"
192,0,0,"未設定",0,0,0,,False,False,False,""
193,0,0,"未設定",0,0,0,,False,False,False,""
194,0,0,"未設定",0,0,0,,False,False,False,""
195,0,0,"未設定",0,0,0,,False,False,False,""
196,0,0,"未設定",0,0,0,,False,False,False,""
197,0,0,"未設定",0,0,0,,False,False,False,""
198,0,0,"未設定",0,0,0,,False,False,False,""
199,0,0,"未設定",0,0,0,,False,False,False,""
200,0,0,"未設定",0,0,0,,False,False,False,""
201,0,0,"未設定",0,0,0,,False,False,False,""
202,0,0,"未設定",0,0,0,,False,False,False,""
203,0,0,"未設定",0,0,0,,False,False,False,""
204,0,0,"未設定",0,0,0,,False,False,False,""
205,0,0,"未設定",0,0,0,,False,False,False,""
206,0,0,"未設定",0,0,0,,False,False,False,""
207,0,0,"未設定",0,0,0,,False,False,False,""
208,0,0,"未設定",0,0,0,,False,False,False,""
209,0,0,"未設定",0,0,0,,False,False,False,""
210,0,0,"未設定",0,0,0,,False,False,False,""
211,0,0,"未設定",0,0,0,,False,False,False,""
212,0,0,"未設定",0,0,0,,False,False,False,""
213,0,0,"未設定",0,0,0,,False,False,False,""
214,0,0,"未設定",0,0,0,,False,False,False,""
215,0,0,"未設定",0,0,0,,False,False,False,""
216,0,0,"未設定",0,0,0,,False,False,False,""
217,234899,1,"ミニオン",1304,6,499,,True,True,True,"ミニオン：ジェリービーンズ・ピンク"
218,234900,1,"ミニオン",1305,6,500,,True,True,True,"ミニオン：ペグウィン"
219,234898,1,"ミニオン",1301,6,498,,True,True,True,"ミニオン：トルガル・パピー"
220,234633,1,"ミニオン",1071,6,233,,True,True,True,"ミニオン：マメット・ニーズヘッグ"
221,234401,1,"ミニオン",1200,10,0,,True,True,True,"ミニオン：マメット001"
222,234402,1,"ミニオン",1,10,0,,True,True,True,"ミニオン：チョコチョコボ"
223,234403,1,"ミニオン",100,10,0,,True,True,True,"ミニオン：タイニーボム"
224,234405,1,"ミニオン",101,10,0,,True,True,True,"ミニオン：ベビーモス"
225,234412,1,"ミニオン",102,10,0,,True,True,True,"ミニオン：モルボルバルブ"
226,234424,1,"ミニオン",111,10,0,,True,True,True,"ミニオン：ダストバニー"
227,234429,1,"ミニオン",112,10,0,,True,True,True,"ミニオン：ミニテンダー"
228,234430,1,"ミニオン",113,10,0,,True,True,True,"ミニオン：スモールシェル"
229,234436,1,"ミニオン",125,10,0,,True,True,True,"ミニオン：グゥーブー・スプラウト"
230,234439,1,"ミニオン",126,10,0,,True,True,True,"ミニオン：デモンズブロック"
231,234444,1,"ミニオン",1210,10,0,,True,True,True,"ミニオン：マメット・カーソル"
232,234446,1,"ミニオン",700,10,0,,True,True,True,"ミニオン：マメット・キキルン"
233,234450,1,"ミニオン",114,10,0,,True,True,True,"ミニオン：ウルフ・パップ"
234,234452,1,"ミニオン",106,10,0,,True,True,True,"ミニオン：タイニークァール"
235,234453,1,"ミニオン",109,10,0,,True,True,True,"ミニオン：マメット・トンベリ"
236,234471,1,"ミニオン",1211,10,0,,True,True,True,"ミニオン：マメット・ブルーム"
237,234472,1,"ミニオン",3,10,0,,True,True,True,"ミニオン：マメット・モーグリ"
238,234487,1,"ミニオン",401,10,0,,True,True,True,"ミニオン：ナッツイーター"
239,234507,1,"ミニオン",402,10,0,,True,True,True,"ミニオン：ファットキャット"
240,234511,1,"ミニオン",1302,10,0,,True,True,True,"ミニオン：カッパッパ"
241,234542,1,"ミニオン",1206,10,0,,True,True,True,"ミニオン：追従システム"
242,234558,1,"ミニオン",138,10,0,,True,True,True,"ミニオン：パイッサ・ブラット"
243,234566,1,"ミニオン",140,10,0,,True,True,True,"ミニオン：コロコロポックル"
244,234641,1,"ミニオン",501,10,0,,True,True,True,"ミニオン：ウソウソ"
245,234653,1,"ミニオン",701,10,0,,True,True,True,"ミニオン：マメット・ナマズオ"
246,234660,1,"ミニオン",1042,10,0,,True,True,True,"ミニオン：マメット・クロ"
247,234667,1,"ミニオン",410,10,0,,True,True,True,"ミニオン：豆柴"
248,234737,1,"ミニオン",416,10,0,,True,True,True,"ミニオン：ロンカの水蛇？"
249,234742,1,"ミニオン",702,10,0,,True,True,True,"ミニオン：ジャイアントビーバー"
250,234775,1,"ミニオン",508,10,0,,True,True,True,"ミニオン：コマンダー・シャーク"
251,234404,1,"ミニオン",1201,10,0,,True,True,True,"ミニオン：マメット・ケットシー"
252,234416,1,"ミニオン",600,10,0,,True,True,True,"ミニオン：ブルーバード"
253,234432,1,"ミニオン",115,10,0,,True,True,True,"ミニオン：タイニードードー"
254,234435,1,"ミニオン",124,10,0,,True,True,True,"ミニオン：タイニーアプカル"
255,234441,1,"ミニオン",127,10,0,,True,True,True,"ミニオン：タイニーラム"
256,234442,1,"ミニオン",116,10,0,,True,True,True,"ミニオン：ミニマンドラゴラ"
257,234462,1,"ミニオン",130,10,0,,True,True,True,"ミニオン：アントーキング・コリブリ"
258,234475,1,"ミニオン",132,10,0,,True,True,True,"ミニオン：マメット・サキュバス"
259,234476,1,"ミニオン",1066,10,0,,True,True,True,"ミニオン：マメット・ギルガメッシュ"
260,234477,1,"ミニオン",117,10,0,,True,True,True,"ミニオン：オニオンプリンス"
261,234478,1,"ミニオン",118,10,0,,True,True,True,"ミニオン：エッグナイト"
262,234479,1,"ミニオン",119,10,0,,True,True,True,"ミニオン：ガーリックスター"
263,234480,1,"ミニオン",120,10,0,,True,True,True,"ミニオン：キングトマト"
264,234481,1,"ミニオン",121,10,0,,True,True,True,"ミニオン：マンドラクイーン"
265,234504,1,"ミニオン",1068,10,0,,True,True,True,"ミニオン：マメット・オルトロス"
266,234521,1,"ミニオン",1067,10,0,,True,True,True,"ミニオン：エンキドゥ"
267,234529,1,"ミニオン",135,10,0,,True,True,True,"ミニオン：ミニマムアトモス"
268,234532,1,"ミニオン",136,10,0,,True,True,True,"ミニオン：ゲイラキトン"
269,234534,1,"ミニオン",404,10,0,,True,True,True,"ミニオン：レッサーパンダ"
270,234564,1,"ミニオン",604,10,0,,True,True,True,"ミニオン：プリンスペンギン"
271,234600,1,"ミニオン",1303,10,0,,True,True,True,"ミニオン：ポーキー"
272,234616,1,"ミニオン",154,10,0,,True,True,True,"ミニオン：うり坊"
273,234647,1,"ミニオン",605,10,0,,True,True,True,"ミニオン：タビスズメ"
274,234655,1,"ミニオン",1202,10,0,,True,True,True,"ミニオン：マメットキメラ"
275,234719,1,"ミニオン",155,10,0,,True,True,True,"ミニオン：コユキンコ"
276,234642,1,"ミニオン",407,10,0,,True,True,True,"ミニオン：豆妖狐"
277,234749,1,"ミニオン",606,10,0,,True,True,True,"ミニオン：ハシビロコウ"
278,234753,1,"ミニオン",156,10,0,,True,True,True,"ミニオン：ポークシー・ビッツ"
279,234787,1,"ミニオン",420,10,0,,True,True,True,"ミニオン：サンドフォックス"
280,234796,1,"ミニオン",510,10,0,,True,True,True,"ミニオン：モモラ・モラ！！！"
281,234506,1,"ミニオン",2,10,0,,True,True,True,"ミニオン：ポチャチョコボ"
282,234451,1,"ミニオン",128,10,0,,True,True,True,"ミニオン：ミニスライム"
283,234470,1,"ミニオン",131,10,0,,True,True,True,"ミニオン：ベイビーオポオポ"
284,234508,1,"ミニオン",133,10,0,,True,True,True,"ミニオン：リトルフット"
285,234563,1,"ミニオン",139,10,0,,True,True,True,"ミニオン：シャローアイ"
286,234579,1,"ミニオン",150,10,0,,True,True,True,"ミニオン：モルフォ"
287,234580,1,"ミニオン",151,10,0,,True,True,True,"ミニオン：ポロ・ロッゴ"
288,234805,1,"ミニオン",158,10,0,,True,True,True,"ミニオン：ドリッピー"
289,234646,1,"ミニオン",409,10,0,,True,True,True,"ミニオン：ブンブク"
290,234730,1,"ミニオン",414,10,0,,True,True,True,"ミニオン：ヘッジホッグ"
291,234862,1,"ミニオン",427,10,0,,True,True,True,"ミニオン：モモンガ"
292,234658,1,"ミニオン",502,10,0,,True,True,True,"ミニオン：ギード"
293,234672,1,"ミニオン",503,10,0,,True,True,True,"ミニオン：ゴマ塩アザラシ"
294,234673,1,"ミニオン",504,10,0,,True,True,True,"ミニオン：ウーパールーパー"
295,234740,1,"ミニオン",506,10,0,,True,True,True,"ミニオン：タイニーダックビル"
296,234531,1,"ミニオン",602,10,0,,True,True,True,"ミニオン：アグリー・ダックリング"
297,234684,1,"ミニオン",911,10,0,,True,True,True,"ミニオン：白小虎"
298,234703,1,"ミニオン",912,10,0,,True,True,True,"ミニオン：朱孔雀"
299,234727,1,"ミニオン",914,10,0,,True,True,True,"ミニオン：青帝"
300,234500,1,"ミニオン",1000,6,91,,True,True,True,"ミニオン：マメット・ヤ・シュトラ"
301,234488,1,"ミニオン",1003,6,98,,True,True,True,"ミニオン：マメット・ミンフィリア"
302,234489,1,"ミニオン",1004,6,99,,True,True,True,"ミニオン：マメット・サンクレッド"
303,234501,1,"ミニオン",1006,6,107,,True,True,True,"ミニオン：マメット・イダ"
304,234502,1,"ミニオン",1008,6,108,,True,True,True,"ミニオン：マメット・パパリモ"
305,234503,1,"ミニオン",1009,6,109,,True,True,True,"ミニオン：マメット・ウリエンジェ"
306,234519,1,"ミニオン",1013,6,130,,True,True,True,"ミニオン：マメット・アルフィノ"
307,234520,1,"ミニオン",1014,6,131,,True,True,True,"ミニオン：マメット・アリゼー"
308,234526,1,"ミニオン",1016,6,132,,True,True,True,"ミニオン：マメット・タタル"
309,234527,1,"ミニオン",1018,6,133,,True,True,True,"ミニオン：マメット・シド"
310,234856,1,"ミニオン",1203,10,0,,True,True,True,"ミニオン：こねこみみさん"
311,234863,1,"ミニオン",200,10,0,,True,True,True,"ミニオン：スポンジシルキー"
312,234848,1,"ミニオン",428,10,0,,True,True,True,"ミニオン：チワワン"
313,234784,1,"ミニオン",137,10,0,,True,True,True,"ミニオン：もちもちゲイラキャット"
314,234485,1,"ミニオン",400,10,0,,True,True,True,"ミニオン：ナナッコ・ベアー"
315,234733,1,"ミニオン",411,10,0,,True,True,True,"ミニオン：黒柴"
316,234671,1,"ミニオン",412,10,0,,True,True,True,"ミニオン：子コアラ"
317,234716,1,"ミニオン",413,10,0,,True,True,True,"ミニオン：カピバラ・パップ"
318,234822,1,"ミニオン",422,10,0,,True,True,True,"ミニオン：フラッグ"
319,234867,1,"ミニオン",429,10,0,,True,True,True,"ミニオン：コーギー"
320,234771,1,"ミニオン",607,10,0,,True,True,True,"ミニオン：シマエナガ"
321,234838,1,"ミニオン",161,10,0,,True,True,True,"ミニオン：グリーングリーナー"
322,234844,1,"ミニオン",800,6,444,,True,True,True,"ミニオン：マメット・アルカソーダラ"
323,234839,1,"ミニオン",703,6,439,,True,True,True,"ミニオン：マメット・グレビュオフ"
324,234872,1,"ミニオン",704,6,472,,True,True,True,"ミニオン：ファインディングウェイ"
325,234825,1,"ミニオン",1207,6,425,,True,True,True,"ミニオン：オプティマス・オミクロン"
326,234744,1,"ミニオン",301,6,344,,True,True,True,"ミニオン：マメット・オメガM"
327,234745,1,"ミニオン",302,6,345,,True,True,True,"ミニオン：マメット・オメガF"
328,234705,1,"ミニオン",300,6,305,,True,True,True,"ミニオン：プチオメガ"
329,234704,1,"ミニオン",1073,6,304,,True,True,True,"ミニオン：マメット・アルファ"
330,234605,1,"ミニオン",1019,6,192,,True,True,True,"ミニオン：マメット・クルル"
331,234624,1,"ミニオン",1021,6,224,,True,True,True,"ミニオン：マメット・ムーンブリダ"
332,234515,1,"ミニオン",1022,6,21,,True,True,True,"ミニオン：マメット・ヒルディ"
333,234499,1,"ミニオン",1028,6,84,,True,True,True,"ミニオン：マメット・ナナモ"
334,234568,1,"ミニオン",1032,6,173,,True,True,True,"ミニオン：マメット・オルシュファン"
335,234606,1,"ミニオン",1034,6,193,,True,True,True,"ミニオン：マメット・アイメリク"
336,234628,1,"ミニオン",1036,6,228,,True,True,True,"ミニオン：マメット・エスティニアン"
337,234575,1,"ミニオン",1033,6,174,,True,True,True,"ミニオン：マメット・ネロ"
338,234555,1,"ミニオン",1026,6,71,,True,True,True,"ミニオン：マメット・ラウバーン"
339,234553,1,"ミニオン",1025,6,71,,True,True,True,"ミニオン：マメット・カヌ・エ"
340,234554,1,"ミニオン",1024,6,71,,True,True,True,"ミニオン：マメット・メルウィブ"
341,234873,1,"ミニオン",122,10,0,,True,True,True,"ミニオン：プライベート・パキポディウム"
342,234886,1,"ミニオン",431,10,0,,True,True,True,"ミニオン：忍犬シロマル"
343,234890,1,"ミニオン",432,10,0,,True,True,True,"ミニオン：忍犬クロマル"
344,234678,1,"ミニオン",1212,10,0,,True,True,True,"ミニオン：ミニモアイ"
345,234851,1,"ミニオン",304,6,451,,True,True,True,"ミニオン：マメット・アーゼマ"
346,234874,1,"ミニオン",305,6,474,,True,True,True,"ミニオン：マメット・ハルオーネ"
347,234894,1,"ミニオン",306,6,494,,True,True,True,"ミニオン：マメット・オシュオン"
348,234419,1,"ミニオン",108,10,0,,True,True,True,"ミニオン：グラベルゴーレム"
349,234509,1,"ミニオン",134,10,0,,True,True,True,"ミニオン：リトルマミー"
350,234582,1,"ミニオン",152,10,0,,True,True,True,"ミニオン：フェンリル・パップ"
351,234761,1,"ミニオン",157,10,0,,True,True,True,"ミニオン：プチリャナンシー"
352,234609,1,"ミニオン",406,10,0,,True,True,True,"ミニオン：ドワーフラビット"
353,234756,1,"ミニオン",419,10,0,,True,True,True,"ミニオン：ミーアキャット"
354,234510,1,"ミニオン",500,10,0,,True,True,True,"ミニオン：アサシンフライ"
355,234530,1,"ミニオン",601,10,0,,True,True,True,"ミニオン：オウレット"
356,234562,1,"ミニオン",603,10,0,,True,True,True,"ミニオン：ハンティング・ホーク"
357,234853,1,"ミニオン",608,10,0,,True,True,True,"ミニオン：青足のカツォ"
358,234596,1,"ミニオン",1001,6,177,,True,True,True,"ミニオン：ニュー・ヤ・シュトラ"
359,234617,1,"ミニオン",1005,6,217,,True,True,True,"ミニオン：ニュー・サンクレッド"
360,234512,1,"ミニオン",1011,6,118,,True,True,True,"ミニオン：マメット・ルイゾワ"
361,234618,1,"ミニオン",1015,6,218,,True,True,True,"ミニオン：ニュー・アリゼー"
362,234876,1,"ミニオン",1023,6,476,,True,True,True,"ミニオン：マメット・ゴッドベルト"
363,234538,1,"ミニオン",1029,6,145,,True,True,True,"ミニオン：マメット・イゼル"
364,234543,1,"ミニオン",1030,6,150,,True,True,True,"ミニオン：マメット・ユウギリ"
365,234619,1,"ミニオン",1035,6,219,,True,True,True,"ミニオン：マメット・エッダ"
366,234698,1,"ミニオン",1041,6,298,,True,True,True,"ミニオン：マメット・シロ"
367,234706,1,"ミニオン",1047,6,306,,True,True,True,"ミニオン：マメット・グ・ラハ"
368,234518,1,"ミニオン",1069,6,119,,True,True,True,"ミニオン：ミドガルズオルム"
369,234629,1,"ミニオン",1070,6,229,,True,True,True,"ミニオン：マメット・フレースヴェルグ"
370,230801,1,"マスキングテープ",2,10,0,,True,True,True,"マスキング：グリダニア風"
371,230802,1,"マスキングテープ",1,10,0,,True,True,True,"マスキング：リムサ・ロミンサ風"
372,230803,1,"マスキングテープ",3,10,0,,True,True,True,"マスキング：ウルダハ風"
373,230804,1,"マスキングテープ",4,10,0,,True,True,True,"マスキング：イシュガルド風"
374,230805,1,"マスキングテープ",5,10,0,,True,True,True,"マスキング：アラミゴ風"
375,230806,1,"マスキングテープ",6,10,0,,True,True,True,"マスキング：クガネ風"
376,230807,1,"マスキングテープ",7,10,0,,True,True,True,"マスキング：ドマ風"
377,230808,1,"マスキングテープ",8,10,0,,True,True,True,"マスキング：クリスタリウム風"
378,230809,1,"マスキングテープ",9,10,0,,True,True,True,"マスキング：ユールモア風"
379,230810,1,"マスキングテープ",10,10,0,,True,True,True,"マスキング：ボズヤ風"
380,230811,1,"マスキングテープ",13,1,70000,,True,True,True,"マスキング：ガレマール風"
381,230812,1,"マスキングテープ",11,1,70000,,True,True,True,"マスキング：シャーレアン風"
382,230813,1,"マスキングテープ",12,1,70000,,True,True,True,"マスキング：ラザハン風"
383,230814,1,"マスキングテープ",14,1,70495,,True,True,True,"マスキング：トライヨラ風"
384,230815,1,"マスキングテープ",15,1,70495,,True,True,True,"マスキング：アレクサンドリア風"
385,0,0,"未設定",0,0,0,,False,False,False,""
386,0,0,"未設定",0,0,0,,False,False,False,""
387,0,0,"未設定",0,0,0,,False,False,False,""
388,0,0,"未設定",0,0,0,,False,False,False,""
389,0,0,"未設定",0,0,0,,False,False,False,""
390,0,0,"未設定",0,0,0,,False,False,False,""
391,0,0,"未設定",0,0,0,,False,False,False,""
392,0,0,"未設定",0,0,0,,False,False,False,""
393,0,0,"未設定",0,0,0,,False,False,False,""
394,0,0,"未設定",0,0,0,,False,False,False,""
395,0,0,"未設定",0,0,0,,False,False,False,""
396,0,0,"未設定",0,0,0,,False,False,False,""
397,0,0,"未設定",0,0,0,,False,False,False,""
398,0,0,"未設定",0,0,0,,False,False,False,""
399,0,0,"未設定",0,0,0,,False,False,False,""
400,230523,1,"薬品",1,10,0,,True,True,True,"薬品：ポーション"
401,230524,1,"薬品",2,10,0,,True,True,True,"薬品：ハイポーション"
402,230525,1,"薬品",3,10,0,,True,True,True,"薬品：メガポーション"
403,230526,1,"薬品",4,10,0,,True,True,True,"薬品：スーパーポーション"
404,230527,1,"薬品",5,10,0,,True,True,True,"薬品：エーテル"
405,230528,1,"薬品",6,10,0,,True,True,True,"薬品：ハイエーテル"
406,230529,1,"薬品",7,10,0,,True,True,True,"薬品：メガエーテル"
407,230530,1,"薬品",8,10,0,,True,True,True,"薬品：スーパーエーテル"
408,230531,1,"薬品",9,10,0,,True,True,True,"薬品：エリクサー"
409,230532,1,"薬品",10,10,0,,True,True,True,"薬品：幻想薬"
410,0,0,"未設定",0,0,0,,False,False,False,""
411,0,0,"未設定",0,0,0,,False,False,False,""
412,0,0,"未設定",0,0,0,,False,False,False,""
413,0,0,"未設定",0,0,0,,False,False,False,""
414,0,0,"未設定",0,0,0,,False,False,False,""
415,0,0,"未設定",0,0,0,,False,False,False,""
416,0,0,"未設定",0,0,0,,False,False,False,""
417,0,0,"未設定",0,0,0,,False,False,False,""
418,0,0,"未設定",0,0,0,,False,False,False,""
419,0,0,"未設定",0,0,0,,False,False,False,""
420,0,0,"未設定",0,0,0,,False,False,False,""
421,0,0,"未設定",0,0,0,,False,False,False,""
422,0,0,"未設定",0,0,0,,False,False,False,""
423,0,0,"未設定",0,0,0,,False,False,False,""
424,0,0,"未設定",0,0,0,,False,False,False,""
425,0,0,"未設定",0,0,0,,False,False,False,""
426,0,0,"未設定",0,0,0,,False,False,False,""
427,0,0,"未設定",0,0,0,,False,False,False,""
428,0,0,"未設定",0,0,0,,False,False,False,""
429,0,0,"未設定",0,0,0,,False,False,False,""
430,230601,1,"アナウンス",1,10,0,,True,True,True,"メインクエスト：受注可能"
431,230602,1,"アナウンス",2,10,0,,True,True,True,"メインクエスト：進行可能"
432,230603,1,"アナウンス",3,10,0,,True,True,True,"メインクエスト：達成可能"
433,230604,1,"アナウンス",4,10,0,,True,True,True,"サブクエスト：受注可能"
434,230605,1,"アナウンス",5,10,0,,True,True,True,"サブクエスト：進行可能"
435,230606,1,"アナウンス",6,10,0,,True,True,True,"サブクエスト：達成可能"
436,230607,1,"アナウンス",7,10,0,,True,True,True,"機能開放クエスト：受注可能"
437,230608,1,"アナウンス",8,10,0,,True,True,True,"機能開放クエスト：進行可能"
438,230609,1,"アナウンス",9,10,0,,True,True,True,"機能開放クエスト：達成可能"
439,0,0,"未設定",0,0,0,,False,False,False,""
440,0,0,"未設定",0,0,0,,False,False,False,""
441,0,0,"未設定",0,0,0,,False,False,False,""
442,230416,1,"漫符",100,10,0,,True,True,True,"漫符：花1"
443,230417,1,"漫符",101,10,0,,True,True,True,"漫符：花2"
444,230418,1,"漫符",102,10,0,,True,True,True,"漫符：絆創膏"
445,230419,1,"漫符",103,10,0,,True,True,True,"漫符：チェック"
446,230420,1,"漫符",104,10,0,,True,True,True,"漫符：バツ"
447,230421,1,"漫符",105,10,0,,True,True,True,"漫符：木枯らし"
448,230422,1,"漫符",106,10,0,,True,True,True,"漫符：めまい"
449,230423,1,"漫符",107,10,0,,True,True,True,"漫符：？"
450,230424,1,"漫符",108,10,0,,True,True,True,"漫符：！"
451,230425,1,"漫符",109,10,0,,True,True,True,"漫符：混乱"
452,230426,1,"漫符",110,10,0,,True,True,True,"漫符：睡眠"
453,230427,1,"漫符",111,10,0,,True,True,True,"漫符：爆発"
454,230428,1,"漫符",112,10,0,,True,True,True,"漫符：爆弾"
455,230429,1,"漫符",113,10,0,,True,True,True,"漫符：怒り"
456,230430,1,"漫符",114,10,0,,True,True,True,"漫符：閃き"
457,230431,1,"漫符",115,10,0,,True,True,True,"漫符：ハート"
458,230432,1,"漫符",116,10,0,,True,True,True,"漫符：かみなり"
459,230433,1,"漫符",117,10,0,,True,True,True,"漫符：キラキラ"
460,230415,1,"漫符",1,10,0,,True,True,True,"漫符：汗"
461,230406,1,"漫符",2,10,0,,True,True,True,"漫符：焦り"
462,230407,1,"漫符",3,10,0,,True,True,True,"漫符：賑わい"
463,230408,1,"漫符",4,10,0,,True,True,True,"漫符：驚き"
464,230409,1,"漫符",5,10,0,,True,True,True,"漫符：悩み"
465,230410,1,"漫符",6,10,0,,True,True,True,"漫符：ため息"
466,230411,1,"漫符",7,10,0,,True,True,True,"漫符：気付き"
467,230412,1,"漫符",8,10,0,,True,True,True,"漫符：音符"
468,230413,1,"漫符",9,10,0,,True,True,True,"漫符：星"
469,230414,1,"漫符",10,10,0,,True,True,True,"漫符：縦線"
470,0,0,"未設定",0,0,0,,False,False,False,""
471,234045,1,"らくがきミニオンズ",45,10,0,,True,True,True,"らくがき：マメット・コヨコヨ"
472,234046,1,"らくがきミニオンズ",46,10,0,,True,True,True,"らくがき：タイニードードー"
473,234047,1,"らくがきミニオンズ",47,10,0,,True,True,True,"らくがき：草こびと"
474,234048,1,"らくがきミニオンズ",48,10,0,,True,True,True,"らくがき：マメットキメラ"
475,234049,1,"らくがきミニオンズ",49,10,0,,True,True,True,"らくがき：ベイビーファンガー"
476,234050,1,"らくがきミニオンズ",50,10,0,,True,True,True,"らくがき：オウレット"
477,234051,1,"らくがきミニオンズ",51,10,0,,True,True,True,"らくがき：ベイビーオポオポ"
478,234052,1,"らくがきミニオンズ",52,10,0,,True,True,True,"らくがき：ハニーサッカー"
479,234053,1,"らくがきミニオンズ",53,10,0,,True,True,True,"らくがき：ロローロ・テー"
480,234054,1,"らくがきミニオンズ",54,10,0,,True,True,True,"らくがき：マメット・マムージャ"
481,234055,1,"らくがきミニオンズ",55,10,0,,True,True,True,"らくがき：ン・モゥ"
482,234056,1,"らくがきミニオンズ",56,10,0,,True,True,True,"らくがき：モロコシ様"
483,234033,1,"らくがきミニオンズ",33,10,0,,True,True,True,"らくがき：ファインディングウェイ"
484,234034,1,"らくがきミニオンズ",34,10,0,,True,True,True,"らくがき：ウーパールーパー"
485,234035,1,"らくがきミニオンズ",35,10,0,,True,True,True,"らくがき：マメット・アルファ"
486,234036,1,"らくがきミニオンズ",36,10,0,,True,True,True,"らくがき：プチイーア"
487,234037,1,"らくがきミニオンズ",37,10,0,,True,True,True,"らくがき：ドリッピー"
488,234038,1,"らくがきミニオンズ",38,10,0,,True,True,True,"らくがき：ラリホードワーフ"
489,234039,1,"らくがきミニオンズ",39,10,0,,True,True,True,"らくがき：こねこみみさん"
490,234040,1,"らくがきミニオンズ",40,10,0,,True,True,True,"らくがき：マメット・グレビュオフ"
491,234041,1,"らくがきミニオンズ",41,10,0,,True,True,True,"らくがき：スポンジシルキー"
492,234042,1,"らくがきミニオンズ",42,10,0,,True,True,True,"らくがき：モモラ・モラ！！！"
493,234043,1,"らくがきミニオンズ",43,10,0,,True,True,True,"らくがき：リトルトロル"
494,234044,1,"らくがきミニオンズ",44,10,0,,True,True,True,"らくがき：古代人形"
495,234028,1,"らくがきミニオンズ",28,10,0,,True,True,True,"らくがき：マメット・キキルン"
496,234029,1,"らくがきミニオンズ",29,10,0,,True,True,True,"らくがき：プリンスペンギン"
497,234030,1,"らくがきミニオンズ",30,10,0,,True,True,True,"らくがき：タイニーダックビル"
498,234031,1,"らくがきミニオンズ",31,10,0,,True,True,True,"らくがき：シャローアイ"
499,234032,1,"らくがきミニオンズ",32,10,0,,True,True,True,"らくがき：ハシビロコウ"
500,234001,1,"らくがきミニオンズ",1,10,0,,True,True,True,"らくがき：マメット・モーグリ"
501,234002,1,"らくがきミニオンズ",2,10,0,,True,True,True,"らくがき：ファットキャット"
502,234003,1,"らくがきミニオンズ",3,10,0,,True,True,True,"らくがき：ジャイアントビーバー"
503,234004,1,"らくがきミニオンズ",4,10,0,,True,True,True,"らくがき：パイッサ・ブラット"
504,234005,1,"らくがきミニオンズ",5,10,0,,True,True,True,"らくがき：マメット・ナマズオ"
505,234006,1,"らくがきミニオンズ",6,10,0,,True,True,True,"らくがき：ポチャチョコボ"
506,234007,1,"らくがきミニオンズ",7,10,0,,True,True,True,"らくがき：ダストバニー"
507,234008,1,"らくがきミニオンズ",8,10,0,,True,True,True,"らくがき：ミニテンダー"
508,234009,1,"らくがきミニオンズ",9,10,0,,True,True,True,"らくがき：グゥーブー・スプラウト"
509,234010,1,"らくがきミニオンズ",10,10,0,,True,True,True,"らくがき：カーバンクル・ペリドット"
510,234011,1,"らくがきミニオンズ",11,10,0,,True,True,True,"らくがき：ウソウソ"
511,234012,1,"らくがきミニオンズ",12,10,0,,True,True,True,"らくがき：ロンカの水蛇？"
512,234013,1,"らくがきミニオンズ",13,10,0,,True,True,True,"らくがき：タイニーボム"
513,234014,1,"らくがきミニオンズ",14,10,0,,True,True,True,"らくがき：モルボルバルブ"
514,234015,1,"らくがきミニオンズ",15,10,0,,True,True,True,"らくがき：マメット・トンベリ"
515,234016,1,"らくがきミニオンズ",16,10,0,,True,True,True,"らくがき：ミニマンドラゴラ"
516,234017,1,"らくがきミニオンズ",17,10,0,,True,True,True,"らくがき：ゲイラキトン"
517,234018,1,"らくがきミニオンズ",18,10,0,,True,True,True,"らくがき：コロコロポックル"
518,234019,1,"らくがきミニオンズ",19,10,0,,True,True,True,"らくがき：ポロ・ロッゴ"
519,234020,1,"らくがきミニオンズ",20,10,0,,True,True,True,"らくがき：コユキンコ"
520,234021,1,"らくがきミニオンズ",21,10,0,,True,True,True,"らくがき：ナッツイーター"
521,234022,1,"らくがきミニオンズ",22,10,0,,True,True,True,"らくがき：豆柴"
522,234023,1,"らくがきミニオンズ",23,10,0,,True,True,True,"らくがき：サンドフォックス"
523,234024,1,"らくがきミニオンズ",24,10,0,,True,True,True,"らくがき：ゴマ塩アザラシ"
524,234025,1,"らくがきミニオンズ",25,10,0,,True,True,True,"らくがき：コマンダー・シャーク"
525,234026,1,"らくがきミニオンズ",26,10,0,,True,True,True,"らくがき：マメット・フーア"
526,234027,1,"らくがきミニオンズ",27,10,0,,True,True,True,"らくがき：ポーキー"
527,0,0,"未設定",0,0,0,,False,False,False,""
528,0,0,"未設定",0,0,0,,False,False,False,""
529,0,0,"未設定",0,0,0,,False,False,False,""
530,231016,1,"<Gui(112)/>FAN FESTIVAL 2021",1,10,0,"ui/icon/000000/000120.tex",True,False,False,"<Gui(112)/>FanFest：シンボル"
531,231001,1,"<Gui(112)/>FAN FESTIVAL 2021",2,10,0,"ui/icon/000000/000120.tex",True,False,False,"<Gui(112)/>FanFest：ロゴ（白）"
532,231002,1,"<Gui(112)/>FAN FESTIVAL 2021",3,10,0,"ui/icon/000000/000120.tex",True,False,False,"<Gui(112)/>FanFest：ロゴ（黒）"
533,231003,1,"<Gui(112)/>FAN FESTIVAL 2021",4,10,0,"ui/icon/000000/000120.tex",True,False,False,"<Gui(112)/>FanFest：垂れ幕（白）"
534,231004,1,"<Gui(112)/>FAN FESTIVAL 2021",5,10,0,"ui/icon/000000/000120.tex",True,False,False,"<Gui(112)/>FanFest：垂れ幕（黒）"
535,231005,1,"<Gui(112)/>FAN FESTIVAL 2021",6,10,0,"ui/icon/000000/000120.tex",True,False,False,"<Gui(112)/>FanFest：バナー（縦）"
536,231006,1,"<Gui(112)/>FAN FESTIVAL 2021",7,10,0,"ui/icon/000000/000120.tex",True,False,False,"<Gui(112)/>FanFest：バナー（横）"
537,231008,2,"<Gui(112)/>FAN FESTIVAL 2021",1,10,0,"ui/icon/000000/000120.tex",True,False,False,"<Gui(112)/>FanFest：FAN FESTIVAL 2021"
538,231007,2,"<Gui(112)/>FAN FESTIVAL 2021",2,10,0,"ui/icon/000000/000120.tex",True,False,False,"<Gui(112)/>FanFest：ハッシュタグ"
539,0,0,"未設定",0,0,0,,False,False,False,""
540,0,0,"未設定",0,0,0,,False,False,False,""
541,0,0,"未設定",0,0,0,,False,False,False,""
542,0,0,"未設定",0,0,0,,False,False,False,""
543,0,0,"未設定",0,0,0,,False,False,False,""
544,0,0,"未設定",0,0,0,,False,False,False,""
545,0,0,"未設定",0,0,0,,False,False,False,""
546,0,0,"未設定",0,0,0,,False,False,False,""
547,0,0,"未設定",0,0,0,,False,False,False,""
548,0,0,"未設定",0,0,0,,False,False,False,""
549,0,0,"未設定",0,0,0,,False,False,False,""
550,0,0,"未設定",0,0,0,,False,False,False,""
551,0,0,"未設定",0,0,0,,False,False,False,""
552,0,0,"未設定",0,0,0,,False,False,False,""
553,0,0,"未設定",0,0,0,,False,False,False,""
554,0,0,"未設定",0,0,0,,False,False,False,""
555,0,0,"未設定",0,0,0,,False,False,False,""
556,0,0,"未設定",0,0,0,,False,False,False,""
557,0,0,"未設定",0,0,0,,False,False,False,""
558,0,0,"未設定",0,0,0,,False,False,False,""
559,0,0,"未設定",0,0,0,,False,False,False,""
560,0,0,"未設定",0,0,0,,False,False,False,""
561,0,0,"未設定",0,0,0,,False,False,False,""
562,0,0,"未設定",0,0,0,,False,False,False,""
563,0,0,"未設定",0,0,0,,False,False,False,""
564,0,0,"未設定",0,0,0,,False,False,False,""
565,0,0,"未設定",0,0,0,,False,False,False,""
566,0,0,"未設定",0,0,0,,False,False,False,""
567,0,0,"未設定",0,0,0,,False,False,False,""
568,0,0,"未設定",0,0,0,,False,False,False,""
569,0,0,"未設定",0,0,0,,False,False,False,""
570,0,0,"未設定",0,0,0,,False,False,False,""
571,0,0,"未設定",0,0,0,,False,False,False,""
572,0,0,"未設定",0,0,0,,False,False,False,""
573,0,0,"未設定",0,0,0,,False,False,False,""
574,0,0,"未設定",0,0,0,,False,False,False,""
575,0,0,"未設定",0,0,0,,False,False,False,""
576,0,0,"未設定",0,0,0,,False,False,False,""
577,0,0,"未設定",0,0,0,,False,False,False,""
578,0,0,"未設定",0,0,0,,False,False,False,""
579,0,0,"未設定",0,0,0,,False,False,False,""
580,0,0,"未設定",0,0,0,,False,False,False,""
581,0,0,"未設定",0,0,0,,False,False,False,""
582,0,0,"未設定",0,0,0,,False,False,False,""
583,0,0,"未設定",0,0,0,,False,False,False,""
584,0,0,"未設定",0,0,0,,False,False,False,""
585,0,0,"未設定",0,0,0,,False,False,False,""
586,0,0,"未設定",0,0,0,,False,False,False,""
587,0,0,"未設定",0,0,0,,False,False,False,""
588,0,0,"未設定",0,0,0,,False,False,False,""
589,0,0,"未設定",0,0,0,,False,False,False,""
590,0,0,"未設定",0,0,0,,False,False,False,""
591,0,0,"未設定",0,0,0,,False,False,False,""
592,0,0,"未設定",0,0,0,,False,False,False,""
593,0,0,"未設定",0,0,0,,False,False,False,""
594,0,0,"未設定",0,0,0,,False,False,False,""
595,0,0,"未設定",0,0,0,,False,False,False,""
596,0,0,"未設定",0,0,0,,False,False,False,""
597,0,0,"未設定",0,0,0,,False,False,False,""
598,0,0,"未設定",0,0,0,,False,False,False,""
599,0,0,"未設定",0,0,0,,False,False,False,""
600,230901,1,"クラス・ジョブ",1,10,0,,True,False,False,"クラス・ジョブ：TANK"
601,230902,1,"クラス・ジョブ",2,10,0,,True,False,False,"クラス・ジョブ：HEALER"
602,230903,1,"クラス・ジョブ",3,10,0,,True,False,False,"クラス・ジョブ：DPS"
603,230911,1,"クラス・ジョブ",80,10,0,,True,False,False,"クラス・ジョブ：木工師"
604,230912,1,"クラス・ジョブ",81,10,0,,True,False,False,"クラス・ジョブ：鍛冶師"
605,230913,1,"クラス・ジョブ",82,10,0,,True,False,False,"クラス・ジョブ：甲冑師"
606,230914,1,"クラス・ジョブ",83,10,0,,True,False,False,"クラス・ジョブ：彫金師"
607,230915,1,"クラス・ジョブ",84,10,0,,True,False,False,"クラス・ジョブ：革細工師"
608,230916,1,"クラス・ジョブ",85,10,0,,True,False,False,"クラス・ジョブ：裁縫師"
609,230917,1,"クラス・ジョブ",86,10,0,,True,False,False,"クラス・ジョブ：錬金術師"
610,230918,1,"クラス・ジョブ",87,10,0,,True,False,False,"クラス・ジョブ：調理師"
611,230919,1,"クラス・ジョブ",90,10,0,,True,False,False,"クラス・ジョブ：採掘師"
612,230920,1,"クラス・ジョブ",91,10,0,,True,False,False,"クラス・ジョブ：園芸師"
613,230921,1,"クラス・ジョブ",92,10,0,,True,False,False,"クラス・ジョブ：漁師"
614,230904,1,"クラス・ジョブ",70,10,0,,True,False,False,"クラス・ジョブ：剣術士"
615,230905,1,"クラス・ジョブ",73,10,0,,True,False,False,"クラス・ジョブ：格闘士"
616,230906,1,"クラス・ジョブ",71,10,0,,True,False,False,"クラス・ジョブ：斧術士"
617,230907,1,"クラス・ジョブ",74,10,0,,True,False,False,"クラス・ジョブ：槍術士"
618,230908,1,"クラス・ジョブ",76,10,0,,True,False,False,"クラス・ジョブ：弓術士"
619,230909,1,"クラス・ジョブ",72,10,0,,True,False,False,"クラス・ジョブ：幻術士"
620,230910,1,"クラス・ジョブ",77,10,0,,True,False,False,"クラス・ジョブ：呪術士"
621,230929,1,"クラス・ジョブ",78,10,0,,True,False,False,"クラス・ジョブ：巴術士"
622,230932,1,"クラス・ジョブ",75,10,0,,True,False,False,"クラス・ジョブ：双剣士"
623,230922,1,"クラス・ジョブ",10,10,0,,True,False,False,"クラス・ジョブ：ナイト"
624,230923,1,"クラス・ジョブ",30,10,0,,True,False,False,"クラス・ジョブ：モンク"
625,230924,1,"クラス・ジョブ",11,10,0,,True,False,False,"クラス・ジョブ：戦士"
626,230925,1,"クラス・ジョブ",31,10,0,,True,False,False,"クラス・ジョブ：竜騎士"
627,230926,1,"クラス・ジョブ",40,10,0,,True,False,False,"クラス・ジョブ：吟遊詩人"
628,230927,1,"クラス・ジョブ",20,10,0,,True,False,False,"クラス・ジョブ：白魔道士"
629,230928,1,"クラス・ジョブ",50,10,0,,True,False,False,"クラス・ジョブ：黒魔道士"
630,230930,1,"クラス・ジョブ",51,10,0,,True,False,False,"クラス・ジョブ：召喚士"
631,230931,1,"クラス・ジョブ",21,10,0,,True,False,False,"クラス・ジョブ：学者"
632,230933,1,"クラス・ジョブ",32,10,0,,True,False,False,"クラス・ジョブ：忍者"
633,230934,1,"クラス・ジョブ",41,10,0,,True,False,False,"クラス・ジョブ：機工士"
634,230935,1,"クラス・ジョブ",12,10,0,,True,False,False,"クラス・ジョブ：暗黒騎士"
635,230936,1,"クラス・ジョブ",22,10,0,,True,False,False,"クラス・ジョブ：占星術師"
636,230937,1,"クラス・ジョブ",33,10,0,,True,False,False,"クラス・ジョブ：侍"
637,230938,1,"クラス・ジョブ",52,10,0,,True,False,False,"クラス・ジョブ：赤魔道士"
638,230939,1,"クラス・ジョブ",60,10,0,,True,False,False,"クラス・ジョブ：青魔道士"
639,230940,1,"クラス・ジョブ",13,10,0,,True,False,False,"クラス・ジョブ：ガンブレイカー"
640,230941,1,"クラス・ジョブ",42,10,0,,True,False,False,"クラス・ジョブ：踊り子"
641,230943,1,"クラス・ジョブ",23,10,0,,True,False,False,"クラス・ジョブ：賢者"
642,230942,1,"クラス・ジョブ",34,10,0,,True,False,False,"クラス・ジョブ：リーパー"
643,230944,1,"クラス・ジョブ",35,10,0,,True,False,False,"クラス・ジョブ：ヴァイパー"
644,230945,1,"クラス・ジョブ",53,10,0,,True,False,False,"クラス・ジョブ：ピクトマンサー"
645,0,0,"未設定",0,0,0,,False,False,False,""
646,0,0,"未設定",0,0,0,,False,False,False,""
647,0,0,"未設定",0,0,0,,False,False,False,""
648,0,0,"未設定",0,0,0,,False,False,False,""
649,0,0,"未設定",0,0,0,,False,False,False,""
650,0,0,"未設定",0,0,0,,False,False,False,""
651,0,0,"未設定",0,0,0,,False,False,False,""
652,0,0,"未設定",0,0,0,,False,False,False,""
653,0,0,"未設定",0,0,0,,False,False,False,""
654,0,0,"未設定",0,0,0,,False,False,False,""
655,0,0,"未設定",0,0,0,,False,False,False,""
656,0,0,"未設定",0,0,0,,False,False,False,""
657,0,0,"未設定",0,0,0,,False,False,False,""
658,0,0,"未設定",0,0,0,,False,False,False,""
659,0,0,"未設定",0,0,0,,False,False,False,""
660,230751,1,"ドマ式麻雀",1,10,0,,True,False,False,"ドマ式麻雀牌：一萬"
661,230752,1,"ドマ式麻雀",2,10,0,,True,False,False,"ドマ式麻雀牌：二萬"
662,230753,1,"ドマ式麻雀",3,10,0,,True,False,False,"ドマ式麻雀牌：三萬"
663,230754,1,"ドマ式麻雀",4,10,0,,True,False,False,"ドマ式麻雀牌：四萬"
664,230755,1,"ドマ式麻雀",5,10,0,,True,False,False,"ドマ式麻雀牌：五萬"
665,230756,1,"ドマ式麻雀",6,10,0,,True,False,False,"ドマ式麻雀牌：六萬"
666,230757,1,"ドマ式麻雀",7,10,0,,True,False,False,"ドマ式麻雀牌：七萬"
667,230758,1,"ドマ式麻雀",8,10,0,,True,False,False,"ドマ式麻雀牌：八萬"
668,230759,1,"ドマ式麻雀",9,10,0,,True,False,False,"ドマ式麻雀牌：九萬"
669,230760,1,"ドマ式麻雀",10,10,0,,True,False,False,"ドマ式麻雀牌：一筒"
670,230761,1,"ドマ式麻雀",11,10,0,,True,False,False,"ドマ式麻雀牌：二筒"
671,230762,1,"ドマ式麻雀",12,10,0,,True,False,False,"ドマ式麻雀牌：三筒"
672,230763,1,"ドマ式麻雀",13,10,0,,True,False,False,"ドマ式麻雀牌：四筒"
673,230764,1,"ドマ式麻雀",14,10,0,,True,False,False,"ドマ式麻雀牌：五筒"
674,230765,1,"ドマ式麻雀",15,10,0,,True,False,False,"ドマ式麻雀牌：六筒"
675,230766,1,"ドマ式麻雀",16,10,0,,True,False,False,"ドマ式麻雀牌：七筒"
676,230767,1,"ドマ式麻雀",17,10,0,,True,False,False,"ドマ式麻雀牌：八筒"
677,230768,1,"ドマ式麻雀",18,10,0,,True,False,False,"ドマ式麻雀牌：九筒"
678,230769,1,"ドマ式麻雀",19,10,0,,True,False,False,"ドマ式麻雀牌：一索"
679,230770,1,"ドマ式麻雀",20,10,0,,True,False,False,"ドマ式麻雀牌：二索"
680,230771,1,"ドマ式麻雀",21,10,0,,True,False,False,"ドマ式麻雀牌：三索"
681,230772,1,"ドマ式麻雀",22,10,0,,True,False,False,"ドマ式麻雀牌：四索"
682,230773,1,"ドマ式麻雀",23,10,0,,True,False,False,"ドマ式麻雀牌：五索"
683,230774,1,"ドマ式麻雀",24,10,0,,True,False,False,"ドマ式麻雀牌：六索"
684,230775,1,"ドマ式麻雀",25,10,0,,True,False,False,"ドマ式麻雀牌：七索"
685,230776,1,"ドマ式麻雀",26,10,0,,True,False,False,"ドマ式麻雀牌：八索"
686,230777,1,"ドマ式麻雀",27,10,0,,True,False,False,"ドマ式麻雀牌：九索"
687,230778,1,"ドマ式麻雀",28,10,0,,True,False,False,"ドマ式麻雀牌：東"
688,230779,1,"ドマ式麻雀",29,10,0,,True,False,False,"ドマ式麻雀牌：南"
689,230780,1,"ドマ式麻雀",30,10,0,,True,False,False,"ドマ式麻雀牌：西"
690,230781,1,"ドマ式麻雀",31,10,0,,True,False,False,"ドマ式麻雀牌：北"
691,230782,1,"ドマ式麻雀",32,10,0,,True,False,False,"ドマ式麻雀牌：白"
692,230783,1,"ドマ式麻雀",33,10,0,,True,False,False,"ドマ式麻雀牌：發"
693,230784,1,"ドマ式麻雀",34,10,0,,True,False,False,"ドマ式麻雀牌：中"
694,230785,1,"ドマ式麻雀",35,10,0,,True,False,False,"ドマ式麻雀牌：五萬（赤）"
695,230786,1,"ドマ式麻雀",36,10,0,,True,False,False,"ドマ式麻雀牌：五筒（赤）"
696,230787,1,"ドマ式麻雀",37,10,0,,True,False,False,"ドマ式麻雀牌：五索（赤）"
697,0,0,"未設定",0,0,0,,False,False,False,""
698,0,0,"未設定",0,0,0,,False,False,False,""
699,0,0,"未設定",0,0,0,,False,False,False,""
700,234906,1,"ミニオン",415,10,0,,True,True,True,"ミニオン：レプル"
701,234891,1,"ミニオン",610,10,0,,True,True,True,"ミニオン：オーロサパ"
702,234433,1,"ミニオン",123,10,0,,True,True,True,"ミニオン：コブランラーヴァ"
703,234895,1,"ミニオン",1214,10,0,,True,True,True,"ミニオン：シドニア・ストロールズ"
704,234854,1,"ミニオン",1300,6,454,,True,True,True,"ミニオン：マメット・コヨコヨ"
705,234878,1,"ミニオン",609,10,0,,True,True,True,"ミニオン：パフィン"
706,234883,1,"ミニオン",430,10,0,,True,True,True,"ミニオン：チンパンジー"
707,234413,1,"ミニオン",103,10,0,,True,True,True,"ミニオン：タイニースクウィレル"
708,234414,1,"ミニオン",104,10,0,,True,True,True,"ミニオン：ベイビーファンガー"
709,234415,1,"ミニオン",105,10,0,,True,True,True,"ミニオン：チゴーラーヴァ"
710,234514,1,"ミニオン",107,10,0,,True,True,True,"ミニオン：ブラッククァール"
711,234421,1,"ミニオン",110,10,0,,True,True,True,"ミニオン：ベイビーラプトル"
712,234461,1,"ミニオン",129,10,0,,True,True,True,"ミニオン：カインドフレア"
713,234528,1,"ミニオン",403,10,0,,True,True,True,"ミニオン：ユニコルト"
714,234539,1,"ミニオン",405,10,0,,True,True,True,"ミニオン：ガストラ"
715,234648,1,"ミニオン",1007,6,248,,True,True,True,"ミニオン：マメット・リセ"
716,234664,1,"ミニオン",1040,6,264,,True,True,True,"ミニオン：マメット・ヒエン"
717,234649,1,"ミニオン",1031,6,249,,True,True,True,"ミニオン：ニュー・ユウギリ"
718,234650,1,"ミニオン",1038,6,250,,True,True,True,"ミニオン：マメット・ゴウセツ"
719,234651,1,"ミニオン",1039,6,251,,True,True,True,"ミニオン：マメット・ヨツユ"
720,234652,1,"ミニオン",1046,6,252,,True,True,True,"ミニオン：マメット・グリーンワート"
721,234676,1,"ミニオン",1027,6,276,,True,True,True,"ミニオン：ニュー・ラウバーン"
722,234682,1,"ミニオン",1044,6,282,,True,True,True,"ミニオン：マメット・マグナイ"
723,234697,1,"ミニオン",1043,6,293,,True,True,True,"ミニオン：マメット・シリナ"
724,234696,1,"ミニオン",1045,6,294,,True,True,True,"ミニオン：マメット・サドゥ"
725,234720,1,"ミニオン",1017,6,320,,True,True,True,"ミニオン：ニュー・タタル"
726,234743,1,"ミニオン",913,6,343,,True,True,True,"ミニオン：からくり朱雀"
727,234731,1,"ミニオン",1002,6,331,,True,True,True,"ミニオン：ファースト・ヤ・シュトラ"
728,234829,1,"ミニオン",1010,6,429,,True,True,True,"ミニオン：ニュー・ウリエンジェ"
729,234760,1,"ミニオン",1037,6,360,,True,True,True,"ミニオン：ニュー・エスティニアン"
730,234816,1,"ミニオン",1053,6,416,,True,True,True,"ミニオン：マメット・ライナ"
731,234817,1,"ミニオン",1054,6,417,,True,True,True,"ミニオン：マメット・ルナル"
732,234776,1,"ミニオン",1049,6,376,,True,True,True,"ミニオン：マメット・ドゥリア"
733,234732,1,"ミニオン",1048,6,332,,True,True,True,"ミニオン：マメット・リーン"
734,234798,1,"ミニオン",1052,6,398,,True,True,True,"ミニオン：マメット・ガイア"
735,234781,1,"ミニオン",1050,6,381,,True,True,True,"ミニオン：マメット・ミステル"
736,234782,1,"ミニオン",1051,6,382,,True,True,True,"ミニオン：マメット・アルバート"
737,234855,1,"ミニオン",1056,6,455,,True,True,True,"ミニオン：クロックワーク・ソル"
738,234810,1,"ミニオン",511,10,0,,True,True,True,"ミニオン：ドルフィン・カフ"
739,234827,1,"ミニオン",1074,6,427,,True,True,True,"ミニオン：スターバード"
740,234828,1,"ミニオン",423,10,0,,True,True,True,"ミニオン：ナグサキャット"
741,234830,1,"ミニオン",1072,6,430,,True,True,True,"ミニオン：マメット・ヴリトラ"
742,234832,1,"ミニオン",425,10,0,,True,True,True,"ミニオン：カニカニ"
743,234833,1,"ミニオン",159,10,0,,True,True,True,"ミニオン：ルナテンダー・プリンス"
744,234841,1,"ミニオン",1055,6,441,,True,True,True,"ミニオン：マメット・ヘロイス"
745,234843,1,"ミニオン",160,10,0,,True,True,True,"ミニオン：ルナテンダー・ロイヤル"
746,234865,1,"ミニオン",1058,6,465,,True,True,True,"ミニオン：マメット・フィロス"
747,234866,1,"ミニオン",1059,6,466,,True,True,True,"ミニオン：マメット・エリクトニオス"
748,234877,1,"ミニオン",1057,6,477,,True,True,True,"ミニオン：マメット・アイドネウス"
749,234887,1,"ミニオン",1060,6,487,,True,True,True,"ミニオン：マメット・アテナ"
750,234896,1,"ミニオン",1204,6,496,,True,True,True,"ミニオン：おやすみくん"
751,234901,1,"ミニオン",1064,6,501,,True,True,True,"ミニオン：ハイデリン・アイドル"
752,234902,1,"ミニオン",1065,6,502,,True,True,True,"ミニオン：ゾディアーク・アイドル"
753,234903,1,"ミニオン",1012,6,503,,True,True,True,"ミニオン：マメット・フルシュノ"
754,234909,1,"ミニオン",433,10,0,,True,True,True,"ミニオン：アルパ・カフ"
755,234912,1,"ミニオン",434,10,0,,True,True,True,"ミニオン：イークチ"
756,234913,1,"ミニオン",611,10,0,,True,True,True,"ミニオン：グリーンバード"
757,234914,1,"ミニオン",435,10,0,,True,True,True,"ミニオン：ショーティ・コヨーテ"
758,234916,1,"ミニオン",1215,6,516,,True,True,True,"ミニオン：モロコシ様"
759,234917,1,"ミニオン",201,10,0,,True,True,True,"ミニオン：マグテンダー"
760,234918,1,"ミニオン",436,10,0,,True,True,True,"ミニオン：ブルーキャット"
761,234922,1,"ミニオン",1208,6,522,,True,True,True,"ミニオン：ティンセントリーT1"
762,234925,1,"ミニオン",1020,6,525,,True,True,True,"ミニオン：ニュー・クルル"
763,234926,1,"ミニオン",1062,6,526,,True,True,True,"ミニオン：マメット・ゼロ"
764,234927,1,"ミニオン",1063,6,527,,True,True,True,"ミニオン：マメット・エレンヴィル"
765,234608,1,"ミニオン",153,10,0,,True,True,True,"ミニオン：マメット・サスカッチ"
766,234924,1,"ミニオン",303,6,524,,True,True,True,"ミニオン：ブラックキトン"
767,234643,1,"ミニオン",408,10,0,,True,True,True,"ミニオン：トラジロウ"
768,234769,1,"ミニオン",417,6,369,,True,True,True,"ミニオン：ホパルの水蛇？"
769,234770,1,"ミニオン",418,6,370,,True,True,True,"ミニオン：キタリの水蛇？"
770,234809,1,"ミニオン",421,10,0,,True,True,True,"ミニオン：アントイーター"
771,234831,1,"ミニオン",424,10,0,,True,True,True,"ミニオン：ヒッポカフ"
772,234845,1,"ミニオン",426,10,0,,True,True,True,"ミニオン：マメット・カンガルー"
773,234932,1,"ミニオン",437,10,0,,True,True,True,"ミニオン：シャシュエ"
774,234683,1,"ミニオン",505,10,0,,True,True,True,"ミニオン：舞海月"
775,234759,1,"ミニオン",507,10,0,,True,True,True,"ミニオン：ドマキン"
776,234778,1,"ミニオン",509,10,0,,True,True,True,"ミニオン：ララダイル"
777,234907,1,"ミニオン",512,10,0,,True,True,True,"ミニオン：プチプヌティー"
778,234931,1,"ミニオン",612,10,0,,True,True,True,"ミニオン：コトコトコ"
779,234567,1,"ミニオン",900,6,168,,True,True,True,"ミニオン：マメット・イフリート"
780,234572,1,"ミニオン",901,6,169,,True,True,True,"ミニオン：マメット・ガルーダ"
781,234573,1,"ミニオン",902,6,170,,True,True,True,"ミニオン：マメット・タイタン"
782,234574,1,"ミニオン",903,6,171,,True,True,True,"ミニオン：マメット・リヴァイアサン"
783,234598,1,"ミニオン",904,6,185,,True,True,True,"ミニオン：マメット・ラムウ"
784,234599,1,"ミニオン",905,6,186,,True,True,True,"ミニオン：マメット・シヴァ"
785,234468,1,"ミニオン",906,6,76,,True,True,True,"ミニオン：マメット・オーディン"
786,234663,1,"ミニオン",907,6,263,,True,True,True,"ミニオン：マメット・ビスマルク"
787,234665,1,"ミニオン",908,6,265,,True,True,True,"ミニオン：マメット・ラーヴァナ"
788,234661,1,"ミニオン",909,6,261,,True,True,True,"ミニオン：マメット・スサノオ"
789,234662,1,"ミニオン",910,6,262,,True,True,True,"ミニオン：マメット・ラクシュミ"
790,234938,1,"ミニオン",1061,6,538,,True,True,True,"ミニオン：マメット・テミス"
791,234934,1,"ミニオン",1205,6,534,,True,True,True,"ミニオン：マメット・ペルペル"
792,234935,1,"ミニオン",1209,6,535,,True,True,True,"ミニオン：ティンソルジャーS3"
793,234786,1,"ミニオン",1213,10,0,,True,True,True,"ミニオン：アラガンメロン"
794,234936,1,"ミニオン",1216,6,536,,True,True,True,"ミニオン：イケニエ様"
795,0,0,"未設定",0,0,0,,False,False,False,""
796,0,0,"未設定",0,0,0,,False,False,False,""
797,0,0,"未設定",0,0,0,,False,False,False,""
798,0,0,"未設定",0,0,0,,False,False,False,""
799,0,0,"未設定",0,0,0,,False,False,False,""
800,0,0,"未設定",0,0,0,,False,False,False,""
